Label (Grouping),"Alameda County, California!!Estimate","Alameda County, California!!Margin of Error","Alameda County, California!!Percent","Alameda County, California!!Percent Margin of Error","Alpine County, California!!Estimate","Alpine County, California!!Margin of Error","Alpine County, California!!Percent","Alpine County, California!!Percent Margin of Error","Amador County, California!!Estimate","Amador County, California!!Margin of Error","Amador County, California!!Percent","Amador County, California!!Percent Margin of Error","Butte County, California!!Estimate","Butte County, California!!Margin of Error","Butte County, California!!Percent","Butte County, California!!Percent Margin of Error","Calaveras County, California!!Estimate","Calaveras County, California!!Margin of Error","Calaveras County, California!!Percent","Calaveras County, California!!Percent Margin of Error","Colusa County, California!!Estimate","Colusa County, California!!Margin of Error","Colusa County, California!!Percent","Colusa County, California!!Percent Margin of Error","Contra Costa County, California!!Estimate","Contra Costa County, California!!Margin of Error","Contra Costa County, California!!Percent","Contra Costa County, California!!Percent Margin of Error","Del Norte County, California!!Estimate","Del Norte County, California!!Margin of Error","Del Norte County, California!!Percent","Del Norte County, California!!Percent Margin of Error","El Dorado County, California!!Estimate","El Dorado County, California!!Margin of Error","El Dorado County, California!!Percent","El Dorado County, California!!Percent Margin of Error","Fresno County, California!!Estimate","Fresno County, California!!Margin of Error","Fresno County, California!!Percent","Fresno County, California!!Percent Margin of Error","Glenn County, California!!Estimate","Glenn County, California!!Margin of Error","Glenn County, California!!Percent","Glenn County, California!!Percent Margin of Error","Humboldt County, California!!Estimate","Humboldt County, California!!Margin of Error","Humboldt County, California!!Percent","Humboldt County, California!!Percent Margin of Error","Imperial County, California!!Estimate","Imperial County, California!!Margin of Error","Imperial County, California!!Percent","Imperial County, California!!Percent Margin of Error","Inyo County, California!!Estimate","Inyo County, California!!Margin of Error","Inyo County, California!!Percent","Inyo County, California!!Percent Margin of Error","Kern County, California!!Estimate","Kern County, California!!Margin of Error","Kern County, California!!Percent","Kern County, California!!Percent Margin of Error","Kings County, California!!Estimate","Kings County, California!!Margin of Error","Kings County, California!!Percent","Kings County, California!!Percent Margin of Error","Lake County, California!!Estimate","Lake County, California!!Margin of Error","Lake County, California!!Percent","Lake County, California!!Percent Margin of Error","Lassen County, California!!Estimate","Lassen County, California!!Margin of Error","Lassen County, California!!Percent","Lassen County, California!!Percent Margin of Error","Los Angeles County, California!!Estimate","Los Angeles County, California!!Margin of Error","Los Angeles County, California!!Percent","Los Angeles County, California!!Percent Margin of Error","Madera County, California!!Estimate","Madera County, California!!Margin of Error","Madera County, California!!Percent","Madera County, California!!Percent Margin of Error","Marin County, California!!Estimate","Marin County, California!!Margin of Error","Marin County, California!!Percent","Marin County, California!!Percent Margin of Error","Mariposa County, California!!Estimate","Mariposa County, California!!Margin of Error","Mariposa County, California!!Percent","Mariposa County, California!!Percent Margin of Error","Mendocino County, California!!Estimate","Mendocino County, California!!Margin of Error","Mendocino County, California!!Percent","Mendocino County, California!!Percent Margin of Error","Merced County, California!!Estimate","Merced County, California!!Margin of Error","Merced County, California!!Percent","Merced County, California!!Percent Margin of Error","Modoc County, California!!Estimate","Modoc County, California!!Margin of Error","Modoc County, California!!Percent","Modoc County, California!!Percent Margin of Error","Mono County, California!!Estimate","Mono County, California!!Margin of Error","Mono County, California!!Percent","Mono County, California!!Percent Margin of Error","Monterey County, California!!Estimate","Monterey County, California!!Margin of Error","Monterey County, California!!Percent","Monterey County, California!!Percent Margin of Error","Napa County, California!!Estimate","Napa County, California!!Margin of Error","Napa County, California!!Percent","Napa County, California!!Percent Margin of Error","Nevada County, California!!Estimate","Nevada County, California!!Margin of Error","Nevada County, California!!Percent","Nevada County, California!!Percent Margin of Error","Orange County, California!!Estimate","Orange County, California!!Margin of Error","Orange County, California!!Percent","Orange County, California!!Percent Margin of Error","Placer County, California!!Estimate","Placer County, California!!Margin of Error","Placer County, California!!Percent","Placer County, California!!Percent Margin of Error","Plumas County, California!!Estimate","Plumas County, California!!Margin of Error","Plumas County, California!!Percent","Plumas County, California!!Percent Margin of Error","Riverside County, California!!Estimate","Riverside County, California!!Margin of Error","Riverside County, California!!Percent","Riverside County, California!!Percent Margin of Error","Sacramento County, California!!Estimate","Sacramento County, California!!Margin of Error","Sacramento County, California!!Percent","Sacramento County, California!!Percent Margin of Error","San Benito County, California!!Estimate","San Benito County, California!!Margin of Error","San Benito County, California!!Percent","San Benito County, California!!Percent Margin of Error","San Bernardino County, California!!Estimate","San Bernardino County, California!!Margin of Error","San Bernardino County, California!!Percent","San Bernardino County, California!!Percent Margin of Error","San Diego County, California!!Estimate","San Diego County, California!!Margin of Error","San Diego County, California!!Percent","San Diego County, California!!Percent Margin of Error","San Francisco County, California!!Estimate","San Francisco County, California!!Margin of Error","San Francisco County, California!!Percent","San Francisco County, California!!Percent Margin of Error","San Joaquin County, California!!Estimate","San Joaquin County, California!!Margin of Error","San Joaquin County, California!!Percent","San Joaquin County, California!!Percent Margin of Error","San Luis Obispo County, California!!Estimate","San Luis Obispo County, California!!Margin of Error","San Luis Obispo County, California!!Percent","San Luis Obispo County, California!!Percent Margin of Error","San Mateo County, California!!Estimate","San Mateo County, California!!Margin of Error","San Mateo County, California!!Percent","San Mateo County, California!!Percent Margin of Error","Santa Barbara County, California!!Estimate","Santa Barbara County, California!!Margin of Error","Santa Barbara County, California!!Percent","Santa Barbara County, California!!Percent Margin of Error","Santa Clara County, California!!Estimate","Santa Clara County, California!!Margin of Error","Santa Clara County, California!!Percent","Santa Clara County, California!!Percent Margin of Error","Santa Cruz County, California!!Estimate","Santa Cruz County, California!!Margin of Error","Santa Cruz County, California!!Percent","Santa Cruz County, California!!Percent Margin of Error","Shasta County, California!!Estimate","Shasta County, California!!Margin of Error","Shasta County, California!!Percent","Shasta County, California!!Percent Margin of Error","Sierra County, California!!Estimate","Sierra County, California!!Margin of Error","Sierra County, California!!Percent","Sierra County, California!!Percent Margin of Error","Siskiyou County, California!!Estimate","Siskiyou County, California!!Margin of Error","Siskiyou County, California!!Percent","Siskiyou County, California!!Percent Margin of Error","Solano County, California!!Estimate","Solano County, California!!Margin of Error","Solano County, California!!Percent","Solano County, California!!Percent Margin of Error","Sonoma County, California!!Estimate","Sonoma County, California!!Margin of Error","Sonoma County, California!!Percent","Sonoma County, California!!Percent Margin of Error","Stanislaus County, California!!Estimate","Stanislaus County, California!!Margin of Error","Stanislaus County, California!!Percent","Stanislaus County, California!!Percent Margin of Error","Sutter County, California!!Estimate","Sutter County, California!!Margin of Error","Sutter County, California!!Percent","Sutter County, California!!Percent Margin of Error","Tehama County, California!!Estimate","Tehama County, California!!Margin of Error","Tehama County, California!!Percent","Tehama County, California!!Percent Margin of Error","Trinity County, California!!Estimate","Trinity County, California!!Margin of Error","Trinity County, California!!Percent","Trinity County, California!!Percent Margin of Error","Tulare County, California!!Estimate","Tulare County, California!!Margin of Error","Tulare County, California!!Percent","Tulare County, California!!Percent Margin of Error","Tuolumne County, California!!Estimate","Tuolumne County, California!!Margin of Error","Tuolumne County, California!!Percent","Tuolumne County, California!!Percent Margin of Error","Ventura County, California!!Estimate","Ventura County, California!!Margin of Error","Ventura County, California!!Percent","Ventura County, California!!Percent Margin of Error","Yolo County, California!!Estimate","Yolo County, California!!Margin of Error","Yolo County, California!!Percent","Yolo County, California!!Percent Margin of Error","Yuba County, California!!Estimate","Yuba County, California!!Margin of Error","Yuba County, California!!Percent","Yuba County, California!!Percent Margin of Error"
SEX AND AGE,,,,,,,,,,,,,,,,,,,,,,,,,,,,,,,,,,,,,,,,,,,,,,,,,,,,,,,,,,,,,,,,,,,,,,,,,,,,,,,,,,,,,,,,,,,,,,,,,,,,,,,,,,,,,,,,,,,,,,,,,,,,,,,,,,,,,,,,,,,,,,,,,,,,,,,,,,,,,,,,,,,,,,,,,,,,,,,,,,,,,,,,,,,,,,,,,,,,,,,,,,,,,,,,,,,,,,,,,,,,,,,,,,,,,,,,
    Total population,"1,663,823",*****,"1,663,823",(X),"1,515",±206,"1,515",(X),"40,577",*****,"40,577",(X),"213,605",*****,"213,605",(X),"45,674",*****,"45,674",(X),"21,811",*****,"21,811",(X),"1,162,648",*****,"1,162,648",(X),"27,462",*****,"27,462",(X),"191,713",*****,"191,713",(X),"1,008,280",*****,"1,008,280",(X),"28,657",*****,"28,657",(X),"136,132",*****,"136,132",(X),"179,578",*****,"179,578",(X),"18,829",*****,"18,829",(X),"906,883",*****,"906,883",(X),"152,515",*****,"152,515",(X),"68,024",*****,"68,024",(X),"31,873",*****,"31,873",(X),"9,936,690",*****,"9,936,690",(X),"157,243",*****,"157,243",(X),"260,485",*****,"260,485",(X),"17,130",*****,"17,130",(X),"91,145",*****,"91,145",(X),"282,290",*****,"282,290",(X),"8,651",*****,"8,651",(X),"13,219",*****,"13,219",(X),"437,609",*****,"437,609",(X),"137,384",*****,"137,384",(X),"102,322",*****,"102,322",(X),"3,175,227",*****,"3,175,227",(X),"406,608",*****,"406,608",(X),"19,650",*****,"19,650",(X),"2,429,487",*****,"2,429,487",(X),"1,579,211",*****,"1,579,211",(X),"64,753",*****,"64,753",(X),"2,180,563",*****,"2,180,563",(X),"3,289,701",*****,"3,289,701",(X),"851,036",*****,"851,036",(X),"779,445",*****,"779,445",(X),"281,712",*****,"281,712",(X),"754,250",*****,"754,250",(X),"445,213",*****,"445,213",(X),"1,916,831",*****,"1,916,831",(X),"268,571",*****,"268,571",(X),"181,852",*****,"181,852",(X),"2,916",±206,"2,916",(X),"44,049",*****,"44,049",(X),"450,995",*****,"450,995",(X),"488,436",*****,"488,436",(X),"552,063",*****,"552,063",(X),"99,101",*****,"99,101",(X),"65,484",*****,"65,484",(X),"15,889",*****,"15,889",(X),"473,446",*****,"473,446",(X),"54,993",*****,"54,993",(X),"842,009",*****,"842,009",(X),"217,141",*****,"217,141",(X),"81,705",*****,"81,705",(X)
        Male,"826,561",*****,49.70%,*****,882,±126,58.20%,±4.9,"22,007",±130,54.20%,±0.3,"106,376",±88,49.80%,±0.1,"22,749",±231,49.80%,±0.5,"11,112",±137,50.90%,±0.6,"573,074",±117,49.30%,±0.1,"14,809",±206,53.90%,±0.8,"96,045",±115,50.10%,±0.1,"506,526",±56,50.20%,±0.1,"14,763",±106,51.50%,±0.4,"67,729",±200,49.80%,±0.1,"92,430",±183,51.50%,±0.1,"9,617",±173,51.10%,±0.9,"464,093",±104,51.20%,±0.1,"84,277",±194,55.30%,±0.1,"34,144",±139,50.20%,±0.2,"20,127",±181,63.10%,±0.6,"4,937,101",*****,49.70%,*****,"77,200",±139,49.10%,±0.1,"127,983",±164,49.10%,±0.1,"8,635",±127,50.40%,±0.7,"45,110",±211,49.50%,±0.2,"143,519",±66,50.80%,±0.1,"4,205",±169,48.60%,±1.9,"7,279",±220,55.10%,±1.7,"223,186",±110,51.00%,±0.1,"68,760",±122,50.00%,±0.1,"50,630",±130,49.50%,±0.1,"1,578,013",*****,49.70%,*****,"200,326",±137,49.30%,±0.1,"10,167",±201,51.70%,±1.0,"1,220,393",±85,50.20%,±0.1,"779,030",*****,49.30%,*****,"32,844",±196,50.70%,±0.3,"1,094,825",±227,50.20%,±0.1,"1,667,851",*****,50.70%,*****,"438,093",±191,51.50%,±0.1,"391,204",±214,50.20%,±0.1,"142,477",±194,50.60%,±0.1,"376,542",±139,49.90%,±0.1,"223,753",±185,50.30%,±0.1,"978,952",±278,51.10%,±0.1,"134,256",±107,50.00%,±0.1,"89,879",±141,49.40%,±0.1,"1,411",±124,48.40%,±3.3,"22,035",±112,50.00%,±0.3,"225,302",±104,50.00%,±0.1,"240,478",±204,49.20%,±0.1,"275,687",±96,49.90%,±0.1,"49,828",±103,50.30%,±0.1,"32,562",±177,49.70%,±0.3,"8,243",±224,51.90%,±1.4,"238,140",±175,50.30%,±0.1,"28,367",±160,51.60%,±0.3,"419,805",±77,49.90%,±0.1,"105,912",±158,48.80%,±0.1,"41,643",±120,51.00%,±0.1
        Female,"837,262",*****,50.30%,*****,633,±127,41.80%,±4.9,"18,570",±130,45.80%,±0.3,"107,229",±88,50.20%,±0.1,"22,925",±231,50.20%,±0.5,"10,699",±137,49.10%,±0.6,"589,574",±117,50.70%,±0.1,"12,653",±206,46.10%,±0.8,"95,668",±115,49.90%,±0.1,"501,754",±56,49.80%,±0.1,"13,894",±106,48.50%,±0.4,"68,403",±200,50.20%,±0.1,"87,148",±183,48.50%,±0.1,"9,212",±173,48.90%,±0.9,"442,790",±104,48.80%,±0.1,"68,238",±194,44.70%,±0.1,"33,880",±139,49.80%,±0.2,"11,746",±181,36.90%,±0.6,"4,999,589",*****,50.30%,*****,"80,043",±139,50.90%,±0.1,"132,502",±164,50.90%,±0.1,"8,495",±127,49.60%,±0.7,"46,035",±211,50.50%,±0.2,"138,771",±66,49.20%,±0.1,"4,446",±169,51.40%,±1.9,"5,940",±220,44.90%,±1.7,"214,423",±110,49.00%,±0.1,"68,624",±122,50.00%,±0.1,"51,692",±130,50.50%,±0.1,"1,597,214",*****,50.30%,*****,"206,282",±137,50.70%,±0.1,"9,483",±201,48.30%,±1.0,"1,209,094",±85,49.80%,±0.1,"800,181",*****,50.70%,*****,"31,909",±196,49.30%,±0.3,"1,085,738",±227,49.80%,±0.1,"1,621,850",*****,49.30%,*****,"412,943",±191,48.50%,±0.1,"388,241",±214,49.80%,±0.1,"139,235",±194,49.40%,±0.1,"377,708",±139,50.10%,±0.1,"221,460",±185,49.70%,±0.1,"937,879",±278,48.90%,±0.1,"134,315",±107,50.00%,±0.1,"91,973",±141,50.60%,±0.1,"1,505",±154,51.60%,±3.3,"22,014",±112,50.00%,±0.3,"225,693",±104,50.00%,±0.1,"247,958",±204,50.80%,±0.1,"276,376",±96,50.10%,±0.1,"49,273",±103,49.70%,±0.1,"32,922",±177,50.30%,±0.3,"7,646",±224,48.10%,±1.4,"235,306",±175,49.70%,±0.1,"26,626",±160,48.40%,±0.3,"422,204",±77,50.10%,±0.1,"111,229",±158,51.20%,±0.1,"40,062",±120,49.00%,±0.1
        Sex ratio (males per 100 females),98.7,*****,(X),(X),139.3,±28.2,(X),(X),118.5,±1.5,(X),(X),99.2,±0.2,(X),(X),99.2,±2.0,(X),(X),103.9,±2.6,(X),(X),97.2,±0.1,(X),(X),117,±3.5,(X),(X),100.4,±0.2,(X),(X),101,±0.1,(X),(X),106.3,±1.6,(X),(X),99,±0.6,(X),(X),106.1,±0.4,(X),(X),104.4,±3.8,(X),(X),104.8,±0.1,(X),(X),123.5,±0.6,(X),(X),100.8,±0.8,(X),(X),171.4,±4.2,(X),(X),98.8,*****,(X),(X),96.4,±0.3,(X),(X),96.6,±0.2,(X),(X),101.6,±3.0,(X),(X),98,±0.9,(X),(X),103.4,±0.1,(X),(X),94.6,±7.4,(X),(X),122.5,±8.2,(X),(X),104.1,±0.1,(X),(X),100.2,±0.4,(X),(X),97.9,±0.5,(X),(X),98.8,*****,(X),(X),97.1,±0.1,(X),(X),107.2,±4.4,(X),(X),100.9,±0.1,(X),(X),97.4,*****,(X),(X),102.9,±1.2,(X),(X),100.8,±0.1,(X),(X),102.8,*****,(X),(X),106.1,±0.1,(X),(X),100.8,±0.1,(X),(X),102.3,±0.3,(X),(X),99.7,±0.1,(X),(X),101,±0.2,(X),(X),104.4,±0.1,(X),(X),100,±0.2,(X),(X),97.7,±0.3,(X),(X),93.8,±12.3,(X),(X),100.1,±1.0,(X),(X),99.8,±0.1,(X),(X),97,±0.2,(X),(X),99.8,±0.1,(X),(X),101.1,±0.4,(X),(X),98.9,±1.1,(X),(X),107.8,±6.1,(X),(X),101.2,±0.1,(X),(X),106.5,±1.2,(X),(X),99.4,±0.1,(X),(X),95.2,±0.3,(X),(X),103.9,±0.6,(X),(X)
        Under 5 years,"89,987",*****,5.40%,*****,135,±69,8.90%,±4.1,"1,516",±52,3.70%,±0.1,"11,263",±25,5.30%,±0.1,"1,866",±107,4.10%,±0.2,"1,483",±46,6.80%,±0.2,"62,829",*****,5.40%,*****,"1,507",±113,5.50%,±0.4,"8,555",±128,4.50%,±0.1,"72,890",*****,7.20%,*****,"2,084",±254,7.30%,±0.9,"6,566",±147,4.80%,±0.1,"13,405",±186,7.50%,±0.1,929,±32,4.90%,±0.2,"66,329",±64,7.30%,±0.1,"11,152",±9,7.30%,±0.1,"3,833",±98,5.60%,±0.1,"1,493",±63,4.70%,±0.2,"538,630",*****,5.40%,*****,"10,836",±139,6.90%,±0.1,"11,385",±190,4.40%,±0.1,598,±60,3.50%,±0.4,"4,944",±95,5.40%,±0.1,"20,677",±68,7.30%,±0.1,418,±41,4.80%,±0.5,529,±129,4.00%,±1.0,"29,202",±61,6.70%,±0.1,"6,341",±72,4.60%,±0.1,"4,209",±123,4.10%,±0.1,"174,484",*****,5.50%,*****,"20,564",±5,5.10%,±0.1,878,±68,4.50%,±0.3,"146,356",*****,6.00%,*****,"95,959",*****,6.10%,*****,"4,043",±120,6.20%,±0.2,"144,929",*****,6.60%,*****,"190,918",*****,5.80%,*****,"36,577",±129,4.30%,±0.1,"51,969",*****,6.70%,*****,"12,413",±159,4.40%,±0.1,"39,739",±64,5.30%,±0.1,"26,782",±109,6.00%,±0.1,"104,468",±190,5.50%,±0.1,"12,380",±65,4.60%,±0.1,"10,113",±22,5.60%,±0.1,0,±13,0.00%,±1.4,"2,148",±94,4.90%,±0.2,"26,128",*****,5.80%,*****,"22,874",±64,4.70%,±0.1,"37,836",*****,6.90%,*****,"6,321",±90,6.40%,±0.1,"3,771",±101,5.80%,±0.2,576,±83,3.60%,±0.5,"35,297",±43,7.50%,±0.1,"2,383",±65,4.30%,±0.1,"45,664",±46,5.40%,±0.1,"11,092",±125,5.10%,±0.1,"6,055",±64,7.40%,±0.1
        5 to 9 years,"92,408","±1,851",5.60%,±0.1,80,±44,5.30%,±2.9,"1,634",±263,4.00%,±0.6,"12,459",±734,5.80%,±0.3,"2,358",±242,5.20%,±0.5,"1,626",±194,7.50%,±0.9,"69,866","±1,454",6.00%,±0.1,"1,674",±247,6.10%,±0.9,"9,675",±463,5.00%,±0.2,"78,529","±1,515",7.80%,±0.2,"1,706",±297,6.00%,±1.0,"7,520",±450,5.50%,±0.3,"13,289",±957,7.40%,±0.5,"1,193",±178,6.30%,±0.9,"71,666","±1,895",7.90%,±0.2,"10,263",±622,6.70%,±0.4,"4,202",±414,6.20%,±0.6,"1,479",±162,4.60%,±0.5,"559,182","±4,721",5.60%,±0.1,"11,868",±727,7.50%,±0.5,"13,355",±737,5.10%,±0.3,"1,088",±185,6.40%,±1.1,"5,892",±463,6.50%,±0.5,"22,402","±1,111",7.90%,±0.4,562,±137,6.50%,±1.6,565,±186,4.30%,±1.4,"30,948","±1,110",7.10%,±0.3,"6,487",±460,4.70%,±0.3,"4,531",±445,4.40%,±0.4,"178,182","±2,443",5.60%,±0.1,"24,356",±804,6.00%,±0.2,"1,078",±165,5.50%,±0.8,"161,783","±2,810",6.70%,±0.1,"98,949","±2,041",6.30%,±0.1,"4,462",±391,6.90%,±0.6,"152,867","±2,653",7.00%,±0.1,"188,101","±3,041",5.70%,±0.1,"30,244",±897,3.60%,±0.1,"55,901","±1,744",7.20%,±0.2,"13,026",±688,4.60%,±0.2,"41,155","±1,113",5.50%,±0.1,"26,289",±855,5.90%,±0.2,"108,504","±2,207",5.70%,±0.1,"13,894",±706,5.20%,±0.3,"11,040",±650,6.10%,±0.4,119,±79,4.10%,±2.7,"2,202",±285,5.00%,±0.6,"27,485","±1,158",6.10%,±0.3,"25,981","±1,004",5.30%,±0.2,"39,117","±1,202",7.10%,±0.2,"7,271",±569,7.30%,±0.6,"4,441",±394,6.80%,±0.6,785,±153,4.90%,±1.0,"39,859","±1,307",8.40%,±0.3,"2,847",±298,5.20%,±0.5,"50,806","±1,264",6.00%,±0.2,"12,148",±645,5.60%,±0.3,"6,759",±560,8.30%,±0.7
        10 to 14 years,"94,607","±1,851",5.70%,±0.1,61,±32,4.00%,±2.0,"1,897",±225,4.70%,±0.6,"11,821",±731,5.50%,±0.3,"1,930",±242,4.20%,±0.5,"1,671",±183,7.70%,±0.8,"77,485","±1,455",6.70%,±0.1,"1,718",±235,6.30%,±0.9,"12,166",±496,6.30%,±0.3,"84,276","±1,514",8.40%,±0.2,"2,490",±297,8.70%,±1.0,"7,187",±463,5.30%,±0.3,"15,830",±967,8.80%,±0.5,"1,148",±184,6.10%,±1.0,"78,892","±1,895",8.70%,±0.2,"13,124",±620,8.60%,±0.4,"4,035",±400,5.90%,±0.6,"1,559",±160,4.90%,±0.5,"627,684","±4,721",6.30%,±0.1,"12,792",±771,8.10%,±0.5,"15,930",±750,6.10%,±0.3,718,±182,4.20%,±1.1,"5,223",±439,5.70%,±0.5,"24,755","±1,098",8.80%,±0.4,414,±137,4.80%,±1.6,877,±192,6.60%,±1.4,"33,789","±1,101",7.70%,±0.3,"9,179",±460,6.70%,±0.3,"5,403",±451,5.30%,±0.4,"203,883","±2,442",6.40%,±0.1,"27,682",±806,6.80%,±0.2,796,±164,4.10%,±0.8,"181,112","±2,810",7.50%,±0.1,"107,835","±2,041",6.80%,±0.1,"5,039",±381,7.80%,±0.6,"168,348","±2,654",7.70%,±0.1,"202,383","±3,041",6.20%,±0.1,"31,147",±905,3.70%,±0.1,"63,226","±1,771",8.10%,±0.2,"14,928",±706,5.30%,±0.3,"42,979","±1,118",5.70%,±0.1,"29,054",±852,6.50%,±0.2,"121,002","±2,202",6.30%,±0.1,"14,647",±705,5.50%,±0.3,"11,367",±659,6.30%,±0.4,219,±84,7.50%,±2.7,"3,018",±289,6.90%,±0.7,"28,550","±1,177",6.30%,±0.3,"27,632",±997,5.70%,±0.2,"45,377","±1,203",8.20%,±0.2,"7,082",±572,7.10%,±0.6,"4,647",±389,7.10%,±0.6,823,±157,5.20%,±1.0,"43,110","±1,303",9.10%,±0.3,"2,438",±294,4.40%,±0.5,"56,736","±1,271",6.70%,±0.2,"13,251",±645,6.10%,±0.3,"6,064",±558,7.40%,±0.7
        15 to 19 years,"96,579",±118,5.80%,±0.1,131,±86,8.60%,±5.5,"1,917",±262,4.70%,±0.6,"15,148",±230,7.10%,±0.1,"2,300",±255,5.00%,±0.6,"1,586",±80,7.30%,±0.4,"75,999",±147,6.50%,±0.1,"1,474",±189,5.40%,±0.7,"11,214",±181,5.80%,±0.1,"76,217",±32,7.60%,±0.1,"2,109",±199,7.40%,±0.7,"8,681",±207,6.40%,±0.2,"14,098",±256,7.90%,±0.1,835,±126,4.40%,±0.7,"70,574",±100,7.80%,±0.1,"10,728",±180,7.00%,±0.1,"3,671",±155,5.40%,±0.2,"1,466",±112,4.60%,±0.4,"625,715",*****,6.30%,*****,"11,735",±239,7.50%,±0.2,"16,040",±136,6.20%,±0.1,667,±128,3.90%,±0.7,"5,154",±130,5.70%,±0.1,"24,625",±121,8.70%,±0.1,429,±106,5.00%,±1.2,772,±222,5.80%,±1.7,"32,717",±146,7.50%,±0.1,"8,848",±97,6.40%,±0.1,"4,891",±169,4.80%,±0.2,"210,803",±71,6.60%,±0.1,"25,889",±178,6.40%,±0.1,"1,060",±193,5.40%,±1.0,"178,591",±71,7.40%,±0.1,"100,474",*****,6.40%,*****,"4,633",±113,7.20%,±0.2,"161,404",±111,7.40%,±0.1,"208,638",±153,6.30%,±0.1,"30,060",±189,3.50%,±0.1,"58,748",±159,7.50%,±0.1,"22,129",±273,7.90%,±0.1,"41,713",±299,5.50%,±0.1,"37,514",±477,8.40%,±0.1,"120,989",±115,6.30%,±0.1,"21,765",±282,8.10%,±0.1,"10,549",±151,5.80%,±0.1,123,±45,4.20%,±1.4,"2,576",±121,5.80%,±0.3,"27,239",±102,6.00%,±0.1,"29,735",±245,6.10%,±0.1,"41,285",±103,7.50%,±0.1,"7,117",±169,7.20%,±0.2,"4,038",±127,6.20%,±0.2,754,±150,4.70%,±0.9,"39,454",±134,8.30%,±0.1,"2,542",±242,4.60%,±0.4,"56,858",±128,6.80%,±0.1,"20,731",±229,9.50%,±0.1,"5,399",±177,6.60%,±0.2
        20 to 24 years,"96,354",±118,5.80%,±0.1,40,±37,2.60%,±2.4,"1,712",±330,4.20%,±0.8,"23,928",±197,11.20%,±0.1,"1,808",±224,4.00%,±0.5,"1,424",±109,6.50%,±0.5,"67,984",±133,5.80%,±0.1,"1,417",±189,5.20%,±0.7,"9,301",±175,4.90%,±0.1,"71,976",±36,7.10%,±0.1,"1,793",±185,6.30%,±0.6,"12,566",±263,9.20%,±0.2,"12,755",±221,7.10%,±0.1,857,±229,4.60%,±1.2,"66,088",±91,7.30%,±0.1,"12,164",±201,8.00%,±0.1,"3,338",±170,4.90%,±0.2,"2,132",±231,6.70%,±0.7,"675,829",*****,6.80%,*****,"10,967",±352,7.00%,±0.2,"12,210",±194,4.70%,±0.1,688,±174,4.00%,±1.0,"4,769",±172,5.20%,±0.2,"21,328",±188,7.60%,±0.1,317,±113,3.70%,±1.3,848,±223,6.40%,±1.7,"31,219",±167,7.10%,±0.1,"8,297",±85,6.00%,±0.1,"4,281",±244,4.20%,±0.2,"210,198",±72,6.60%,±0.1,"21,202",±166,5.20%,±0.1,602,±165,3.10%,±0.8,"167,645",±72,6.90%,±0.1,"98,839",*****,6.30%,*****,"4,276",±62,6.60%,±0.1,"164,273",±110,7.50%,±0.1,"242,041",±153,7.40%,±0.1,"42,665",±146,5.00%,±0.1,"53,722",±145,6.90%,±0.1,"29,689",±331,10.50%,±0.1,"40,847",±294,5.40%,±0.1,"47,683",±461,10.70%,±0.1,"120,463",±168,6.30%,±0.1,"25,714",±377,9.60%,±0.1,"9,900",±162,5.40%,±0.1,206,±153,7.10%,±5.2,"1,971",±129,4.50%,±0.3,"28,887",±134,6.40%,±0.1,"27,363",±228,5.60%,±0.1,"37,763",±201,6.80%,±0.1,"6,324",±134,6.40%,±0.1,"3,601",±81,5.50%,±0.1,398,±137,2.50%,±0.9,"34,815",±153,7.40%,±0.1,"2,705",±227,4.90%,±0.4,"55,971",±105,6.60%,±0.1,"30,793",±192,14.20%,±0.1,"5,828",±210,7.10%,±0.3
        25 to 34 years,"266,762",*****,16.00%,*****,155,±63,10.20%,±4.3,"4,525",±245,11.20%,±0.6,"27,765",±157,13.00%,±0.1,"4,306",±268,9.40%,±0.6,"2,819",±122,12.90%,±0.6,"144,083",±112,12.40%,±0.1,"3,931",±259,14.30%,±0.9,"19,428",±187,10.10%,±0.1,"151,847",±88,15.10%,±0.1,"3,748",±192,13.10%,±0.7,"18,020",±278,13.20%,±0.2,"26,346",±192,14.70%,±0.1,"2,025",±213,10.80%,±1.1,"137,936",±90,15.20%,±0.1,"25,518",±214,16.70%,±0.1,"7,477",±185,11.00%,±0.3,"6,373",±284,20.00%,±0.9,"1,584,416",*****,15.90%,*****,"21,481",±404,13.70%,±0.3,"22,096",±296,8.50%,±0.1,"1,915",±175,11.20%,±1.0,"9,862",±148,10.80%,±0.2,"41,026",±192,14.50%,±0.1,"1,067",±167,12.30%,±1.9,"1,751",±380,13.20%,±2.9,"60,245",±212,13.80%,±0.1,"16,660",±149,12.10%,±0.1,"9,890",±271,9.70%,±0.3,"451,243",*****,14.20%,*****,"43,771",±137,10.80%,±0.1,"1,978",±177,10.10%,±0.9,"335,249",*****,13.80%,*****,"243,661",*****,15.40%,*****,"8,962",±233,13.80%,±0.4,"332,033",±173,15.20%,±0.1,"529,481",*****,16.10%,*****,"186,435",±253,21.90%,±0.1,"108,019",±188,13.90%,±0.1,"31,669",±382,11.20%,±0.1,"109,712",±127,14.50%,±0.1,"59,037",±179,13.30%,±0.1,"305,443",±189,15.90%,±0.1,"32,562",±277,12.10%,±0.1,"22,979",±182,12.60%,±0.1,190,±103,6.50%,±3.6,"4,328",±71,9.80%,±0.2,"64,413",±223,14.30%,±0.1,"60,819",±159,12.50%,±0.1,"78,773",±236,14.30%,±0.1,"13,844",±181,14.00%,±0.2,"7,994",±227,12.20%,±0.3,"1,514",±264,9.50%,±1.7,"66,499",±157,14.00%,±0.1,"6,636",±179,12.10%,±0.3,"111,564",±148,13.20%,±0.1,"29,394",±289,13.50%,±0.1,"12,608",±260,15.40%,±0.3
        35 to 44 years,"258,601",*****,15.50%,*****,175,±95,11.60%,±5.2,"4,972",±186,12.30%,±0.5,"24,743",±165,11.60%,±0.1,"4,790",±228,10.50%,±0.5,"2,811",±137,12.90%,±0.6,"160,986",±96,13.80%,±0.1,"3,428",±284,12.50%,±1.0,"22,989",±199,12.00%,±0.1,"131,693",±97,13.10%,±0.1,"3,358",±90,11.70%,±0.3,"17,674",±134,13.00%,±0.1,"22,158",±219,12.30%,±0.1,"2,568",±180,13.60%,±1.0,"118,637",±73,13.10%,±0.1,"22,183",±414,14.50%,±0.3,"7,759",±171,11.40%,±0.3,"4,972",±252,15.60%,±0.8,"1,380,984",*****,13.90%,*****,"20,523",±360,13.10%,±0.2,"30,311",±265,11.60%,±0.1,"1,730",±156,10.10%,±0.9,"10,900",±120,12.00%,±0.1,"35,785",±154,12.70%,±0.1,861,±87,10.00%,±1.0,"1,892",±286,14.30%,±2.2,"57,653",±159,13.20%,±0.1,"17,602",±159,12.80%,±0.1,"11,997",±160,11.70%,±0.2,"413,734",*****,13.00%,*****,"54,875",±193,13.50%,±0.1,"2,002",±118,10.20%,±0.6,"320,945",*****,13.20%,*****,"218,906",*****,13.90%,*****,"8,947",±188,13.80%,±0.3,"289,338",±171,13.30%,±0.1,"457,041",*****,13.90%,*****,"138,038",±222,16.20%,±0.1,"105,524",±234,13.50%,±0.1,"32,046",±277,11.40%,±0.1,"109,445",±127,14.50%,±0.1,"51,376",±121,11.50%,±0.1,"277,135",±168,14.50%,±0.1,"31,843",±128,11.90%,±0.1,"21,709",±109,11.90%,±0.1,281,±138,9.60%,±4.7,"4,746",±102,10.80%,±0.2,"59,693",±146,13.20%,±0.1,"63,363",±199,13.00%,±0.1,"72,230",±166,13.10%,±0.1,"12,294",±131,12.40%,±0.1,"7,610",±168,11.60%,±0.3,"1,722",±352,10.80%,±2.2,"61,338",±180,13.00%,±0.1,"6,102",±262,11.10%,±0.5,"106,698",±92,12.70%,±0.1,"26,118",±193,12.00%,±0.1,"11,142",±213,13.60%,±0.3
        45 to 54 years,"222,182",*****,13.40%,*****,83,±44,5.50%,±2.7,"4,867",±165,12.00%,±0.4,"21,966",±148,10.30%,±0.1,"5,302",±310,11.60%,±0.7,"2,424",±46,11.10%,±0.2,"160,013",±96,13.80%,±0.1,"3,255",±289,11.90%,±1.1,"24,274",±153,12.70%,±0.1,"110,769",±62,11.00%,±0.1,"3,138",±91,11.00%,±0.3,"15,107",±241,11.10%,±0.2,"19,774",±206,11.00%,±0.1,"1,938",±169,10.30%,±0.9,"99,663",±67,11.00%,±0.1,"16,956",±476,11.10%,±0.3,"7,599",±146,11.20%,±0.2,"3,895",±211,12.20%,±0.7,"1,317,158",*****,13.30%,*****,"17,599",±274,11.20%,±0.2,"39,429",±124,15.10%,±0.1,"1,818",±158,10.60%,±0.9,"10,512",±109,11.50%,±0.1,"31,136",±103,11.00%,±0.1,806,±67,9.30%,±0.8,"1,812",±223,13.70%,±1.7,"51,127",±143,11.70%,±0.1,"17,655",±146,12.90%,±0.1,"11,582",±146,11.30%,±0.1,"434,102",*****,13.70%,*****,"53,167",±167,13.10%,±0.1,"1,947",±123,9.90%,±0.6,"297,553",*****,12.20%,*****,"194,048",*****,12.30%,*****,"8,152",±170,12.60%,±0.3,"262,472",±126,12.00%,±0.1,"401,063",*****,12.20%,*****,"112,681",±210,13.20%,±0.1,"93,867",±230,12.00%,±0.1,"29,412",±295,10.40%,±0.1,"102,835",±119,13.60%,±0.1,"46,733",±66,10.50%,±0.1,"258,980",*****,13.50%,*****,"32,908",±176,12.30%,±0.1,"20,262",±145,11.10%,±0.1,323,±80,11.10%,±2.8,"4,727",±115,10.70%,±0.3,"54,577",±101,12.10%,±0.1,"60,841",±161,12.50%,±0.1,"64,399",±165,11.70%,±0.1,"11,308",±122,11.40%,±0.1,"7,237",±108,11.10%,±0.2,"1,891",±301,11.90%,±1.9,"51,947",±174,11.00%,±0.1,"6,029",±203,11.00%,±0.4,"108,546",±95,12.90%,±0.1,"23,095",±225,10.60%,±0.1,"8,275",±187,10.10%,±0.2
        55 to 59 years,"106,049","±1,815",6.40%,±0.1,199,±91,13.10%,±5.6,"2,848",±330,7.00%,±0.8,"12,837",±808,6.00%,±0.4,"3,797",±382,8.30%,±0.8,"1,302",±199,6.00%,±0.9,"80,428","±1,716",6.90%,±0.1,"1,768",±171,6.40%,±0.6,"15,330",±781,8.00%,±0.4,"54,632","±1,402",5.40%,±0.1,"1,449",±257,5.10%,±0.9,"7,259",±487,5.30%,±0.4,"9,287",±689,5.20%,±0.4,"1,044",±193,5.50%,±1.0,"49,472","±1,555",5.50%,±0.2,"8,171",±431,5.40%,±0.3,"4,860",±550,7.10%,±0.8,"2,017",±196,6.30%,±0.6,"630,019","±4,347",6.30%,±0.1,"8,801",±573,5.60%,±0.4,"21,034",±809,8.10%,±0.3,"1,435",±234,8.40%,±1.4,"6,186",±493,6.80%,±0.5,"15,173",±751,5.40%,±0.3,540,±134,6.20%,±1.5,952,±261,7.20%,±2.0,"25,121",±836,5.70%,±0.2,"9,548",±494,6.90%,±0.4,"7,087",±564,6.90%,±0.6,"216,048","±2,728",6.80%,±0.1,"27,730",±928,6.80%,±0.2,"1,668",±258,8.50%,±1.3,"145,865","±2,603",6.00%,±0.1,"96,694","±1,678",6.10%,±0.1,"3,969",±336,6.10%,±0.5,"126,995","±2,242",5.80%,±0.1,"198,013","±2,682",6.00%,±0.1,"51,743","±1,413",6.10%,±0.2,"45,463","±1,277",5.80%,±0.2,"17,151",±854,6.10%,±0.3,"51,609","±1,109",6.80%,±0.1,"25,426",±876,5.70%,±0.2,"122,282","±1,845",6.40%,±0.1,"17,992",±785,6.70%,±0.3,"12,809",±672,7.00%,±0.4,252,±115,8.60%,±4.0,"3,162",±295,7.20%,±0.7,"29,455","±1,091",6.50%,±0.2,"34,173","±1,263",7.00%,±0.3,"32,150","±1,006",5.80%,±0.2,"5,447",±393,5.50%,±0.4,"3,567",±417,5.40%,±0.6,"1,128",±357,7.10%,±2.2,"23,021","±1,069",4.90%,±0.2,"3,780",±463,6.90%,±0.8,"57,170","±1,378",6.80%,±0.2,"10,990",±569,5.10%,±0.3,"4,085",±430,5.00%,±0.5
        60 to 64 years,"97,055","±1,816",5.80%,±0.1,70,±40,4.60%,±2.7,"3,764",±334,9.30%,±0.8,"12,823",±809,6.00%,±0.4,"4,062",±394,8.90%,±0.9,"1,366",±243,6.30%,±1.1,"72,668","±1,716",6.30%,±0.1,"2,029",±189,7.40%,±0.7,"16,176",±782,8.40%,±0.4,"49,743","±1,414",4.90%,±0.1,"1,947",±261,6.80%,±0.9,"9,864",±497,7.20%,±0.4,"8,965",±710,5.00%,±0.4,"1,805",±197,9.60%,±1.0,"44,923","±1,567",5.00%,±0.2,"6,285",±433,4.10%,±0.3,"5,449",±523,8.00%,±0.8,"1,633",±197,5.10%,±0.6,"581,217","±4,347",5.80%,±0.1,"8,349",±600,5.30%,±0.4,"18,304",±772,7.00%,±0.3,"1,446",±205,8.40%,±1.2,"6,506",±476,7.10%,±0.5,"13,161",±754,4.70%,±0.3,666,±98,7.70%,±1.1,"1,146",±259,8.70%,±2.0,"23,207",±836,5.30%,±0.2,"8,993",±478,6.50%,±0.3,"9,406",±549,9.20%,±0.5,"194,191","±2,729",6.10%,±0.1,"26,221",±921,6.40%,±0.2,"1,827",±223,9.30%,±1.1,"135,226","±2,604",5.60%,±0.1,"93,447","±1,678",5.90%,±0.1,"3,746",±352,5.80%,±0.5,"117,977","±2,242",5.40%,±0.1,"190,029","±2,682",5.80%,±0.1,"49,327","±1,399",5.80%,±0.2,"41,592","±1,267",5.30%,±0.2,"19,810",±880,7.00%,±0.3,"46,696","±1,110",6.20%,±0.1,"24,371",±878,5.50%,±0.2,"107,622","±1,846",5.60%,±0.1,"17,198",±798,6.40%,±0.3,"12,785",±684,7.00%,±0.4,294,±132,10.10%,±4.5,"3,561",±290,8.10%,±0.7,"30,027","±1,091",6.70%,±0.2,"35,078","±1,257",7.20%,±0.3,"29,558","±1,006",5.40%,±0.2,"6,515",±396,6.60%,±0.4,"5,570",±423,8.50%,±0.6,"1,902",±316,12.00%,±2.0,"23,753","±1,070",5.00%,±0.2,"4,544",±449,8.30%,±0.8,"54,400","±1,377",6.50%,±0.2,"11,206",±567,5.20%,±0.3,"4,940",±467,6.00%,±0.6
        65 to 74 years,"143,286",*****,8.60%,*****,347,±79,22.90%,±5.3,"6,619",±104,16.30%,±0.3,"23,254",±63,10.90%,±0.1,"7,924",±115,17.30%,±0.3,"1,873",±130,8.60%,±0.6,"111,421",±127,9.60%,±0.1,"3,243",±101,11.80%,±0.4,"26,460",±154,13.80%,±0.1,"74,550",±69,7.40%,±0.1,"2,875",±101,10.00%,±0.4,"16,360",±132,12.00%,±0.1,"13,657",±158,7.60%,±0.1,"2,459",±76,13.10%,±0.4,"62,939",±56,6.90%,±0.1,"9,503",±86,6.20%,±0.1,"9,682",±128,14.20%,±0.2,"2,884",±90,9.00%,±0.3,"819,236",*****,8.20%,*****,"13,626",±125,8.70%,±0.1,"34,219",±140,13.10%,±0.1,"2,847",±118,16.60%,±0.7,"13,517",±177,14.80%,±0.2,"19,151",±104,6.80%,±0.1,"1,466",±147,16.90%,±1.7,"1,353",±64,10.20%,±0.5,"36,647",±82,8.40%,±0.1,"15,509",±101,11.30%,±0.1,"17,623",±182,17.20%,±0.2,"278,498",*****,8.80%,*****,"45,775",±89,11.30%,±0.1,"3,719",±131,18.90%,±0.7,"205,753",±75,8.50%,±0.1,"137,462",*****,8.70%,*****,"5,249",±97,8.10%,±0.2,"160,957",±138,7.40%,±0.1,"282,107",*****,8.60%,*****,"79,893",±104,9.40%,±0.1,"60,283",±106,7.70%,±0.1,"35,531",±164,12.60%,±0.1,"72,063",±22,9.60%,±0.1,"39,392",±54,8.80%,±0.1,"150,855",±189,7.90%,±0.1,"30,199",±145,11.20%,±0.1,"22,556",±111,12.40%,±0.1,512,±76,17.60%,±2.7,"7,236",±92,16.40%,±0.2,"45,625",±110,10.10%,±0.1,"61,401",±117,12.60%,±0.1,"43,654",±104,7.90%,±0.1,"8,751",±108,8.80%,±0.1,"7,541",±102,11.50%,±0.2,"2,743",±117,17.30%,±0.7,"32,646",±73,6.90%,±0.1,"8,886",±116,16.20%,±0.2,"80,140",±62,9.50%,±0.1,"16,861",±140,7.80%,±0.1,"6,642",±187,8.10%,±0.2
        75 to 84 years,"69,078","±1,073",4.20%,±0.1,19,±15,1.30%,±1.0,"3,265",±232,8.00%,±0.6,"11,489",±388,5.40%,±0.2,"4,077",±320,8.90%,±0.7,787,±120,3.60%,±0.5,"55,628","±1,037",4.80%,±0.1,"1,627",±170,5.90%,±0.6,"11,678",±487,6.10%,±0.3,"35,319",±887,3.50%,±0.1,"1,502",±180,5.20%,±0.6,"6,730",±352,4.90%,±0.3,"7,139",±444,4.00%,±0.2,"1,468",±155,7.80%,±0.8,"28,927",±710,3.20%,±0.1,"4,770",±275,3.10%,±0.2,"4,662",±313,6.90%,±0.5,"1,379",±104,4.30%,±0.3,"404,671","±3,503",4.10%,±0.1,"5,948",±355,3.80%,±0.2,"18,573",±575,7.10%,±0.2,"1,586",±197,9.30%,±1.2,"5,784",±311,6.30%,±0.3,"9,374",±464,3.30%,±0.2,735,±272,8.50%,±3.1,618,±64,4.70%,±0.5,"17,235",±649,3.90%,±0.1,"8,676",±390,6.30%,±0.3,"8,253",±408,8.10%,±0.4,"141,949","±1,941",4.50%,±0.1,"24,458",±766,6.00%,±0.2,"1,646",±127,8.40%,±0.6,"112,833","±1,567",4.60%,±0.1,"63,163","±1,028",4.00%,±0.1,"2,254",±189,3.50%,±0.3,"71,010","±1,096",3.30%,±0.1,"140,257","±1,957",4.30%,±0.1,"39,583","±1,034",4.70%,±0.1,"28,989",±807,3.70%,±0.1,"17,130",±561,6.10%,±0.2,"37,094",±792,4.90%,±0.1,"21,072",±731,4.70%,±0.2,"80,376","±1,364",4.20%,±0.1,"12,265",±504,4.60%,±0.2,"10,924",±456,6.00%,±0.3,352,±55,12.10%,±2.1,"3,245",±210,7.40%,±0.5,"20,665",±603,4.60%,±0.1,"27,147",±784,5.60%,±0.2,"20,213",±698,3.70%,±0.1,"4,664",±275,4.70%,±0.3,"4,105",±280,6.30%,±0.4,"1,214",±176,7.60%,±1.1,"15,297",±668,3.20%,±0.1,"4,113",±298,7.50%,±0.5,"38,981","±1,002",4.60%,±0.1,"7,750",±436,3.60%,±0.2,"2,903",±267,3.60%,±0.3
        85 years and over,"30,875","±1,072",1.90%,±0.1,20,±18,1.30%,±1.1,"1,041",±233,2.60%,±0.6,"4,109",±391,1.90%,±0.2,"1,154",±338,2.50%,±0.7,639,±174,2.90%,±0.8,"23,258","±1,027",2.00%,±0.1,391,±134,1.40%,±0.5,"4,467",±450,2.30%,±0.2,"15,839",±880,1.60%,±0.1,458,±118,1.60%,±0.4,"2,598",±323,1.90%,±0.2,"2,875",±453,1.60%,±0.3,560,±161,3.00%,±0.9,"10,837",±708,1.20%,±0.1,"1,698",±221,1.10%,±0.1,"1,457",±287,2.10%,±0.4,591,±171,1.90%,±0.5,"191,949","±3,503",1.90%,±0.1,"2,718",±352,1.70%,±0.2,"7,599",±571,2.90%,±0.2,594,±181,3.50%,±1.1,"1,896",±314,2.10%,±0.3,"3,697",±453,1.30%,±0.2,370,±219,4.30%,±2.5,104,±80,0.80%,±0.6,"8,499",±632,1.90%,±0.1,"3,589",±372,2.60%,±0.3,"3,169",±383,3.10%,±0.4,"67,912","±1,941",2.10%,±0.1,"10,918",±769,2.70%,±0.2,449,±125,2.30%,±0.6,"40,576","±1,562",1.70%,±0.1,"29,774","±1,027",1.90%,±0.1,"1,021",±193,1.60%,±0.3,"27,960","±1,122",1.30%,±0.1,"59,629","±1,956",1.80%,±0.1,"22,643","±1,042",2.70%,±0.1,"12,142",±798,1.60%,±0.1,"6,778",±551,2.40%,±0.2,"18,363",±793,2.40%,±0.1,"10,484",±735,2.40%,±0.2,"38,712","±1,329",2.00%,±0.1,"5,204",±488,1.90%,±0.2,"4,859",±453,2.70%,±0.2,45,±42,1.50%,±1.5,"1,129",±219,2.60%,±0.5,"8,251",±601,1.80%,±0.1,"12,029",±768,2.50%,±0.2,"9,708",±732,1.80%,±0.1,"2,163",±273,2.20%,±0.3,"1,362",±256,2.10%,±0.4,439,±174,2.80%,±1.1,"6,410",±701,1.40%,±0.1,"1,988",±286,3.60%,±0.5,"18,475","±1,013",2.20%,±0.1,"3,712",±420,1.70%,±0.2,"1,005",±239,1.20%,±0.3
        Median age (years),38.4,±0.2,(X),(X),43,±10.5,(X),(X),49.6,±0.4,(X),(X),36.5,±0.3,(X),(X),52.1,±0.6,(X),(X),36,±0.6,(X),(X),40.1,±0.2,(X),(X),40,±1.1,(X),(X),46.2,±0.2,(X),(X),32.8,±0.1,(X),(X),35.8,±0.5,(X),(X),39.5,±0.3,(X),(X),32.6,±0.3,(X),(X),44.6,±0.6,(X),(X),32.2,±0.1,(X),(X),32.1,±0.2,(X),(X),44.5,±0.3,(X),(X),37.2,±0.6,(X),(X),37.4,±0.1,(X),(X),34.4,±0.3,(X),(X),47.4,±0.2,(X),(X),51.6,±1.0,(X),(X),43.7,±0.4,(X),(X),31.5,±0.2,(X),(X),47.5,±0.9,(X),(X),40.5,±1.1,(X),(X),35.1,±0.1,(X),(X),42.5,±0.3,(X),(X),50.2,±0.1,(X),(X),38.7,±0.2,(X),(X),42.3,±0.2,(X),(X),52.3,±0.6,(X),(X),36.3,±0.1,(X),(X),36.8,±0.2,(X),(X),35.7,±0.2,(X),(X),33.9,±0.2,(X),(X),36.7,±0.1,(X),(X),39.3,±0.2,(X),(X),34.8,±0.1,(X),(X),40,±0.3,(X),(X),40.3,±0.1,(X),(X),34.3,±0.2,(X),(X),37.7,±0.1,(X),(X),39.2,±0.3,(X),(X),41.7,±0.4,(X),(X),54.9,±3.7,(X),(X),47.2,±0.5,(X),(X),38.8,±0.2,(X),(X),42.7,±0.1,(X),(X),34.5,±0.1,(X),(X),36,±0.3,(X),(X),40.3,±0.6,(X),(X),53.2,±0.9,(X),(X),31.5,±0.2,(X),(X),48.7,±0.4,(X),(X),39,±0.2,(X),(X),32,±0.2,(X),(X),33.5,±0.3,(X),(X)
        Under 18 years,"332,827",*****,20.00%,*****,345,±88,22.80%,±4.6,"6,244",±77,15.40%,±0.2,"43,011",*****,20.10%,*****,"7,690",±123,16.80%,±0.3,"5,807",±39,26.60%,±0.2,"258,051",*****,22.20%,*****,"5,798",±103,21.10%,±0.4,"37,685",*****,19.70%,*****,"282,976",*****,28.10%,*****,"7,580",±225,26.50%,±0.8,"25,608",±64,18.80%,±0.1,"51,049",*****,28.40%,*****,"3,838",±90,20.40%,±0.5,"261,013",*****,28.80%,*****,"41,048",±46,26.90%,±0.1,"14,511",±32,21.30%,±0.1,"5,460",±91,17.10%,±0.3,"2,093,072",*****,21.10%,*****,"42,872",±45,27.30%,±0.1,"50,946",±60,19.60%,±0.1,"2,927",*****,17.10%,*****,"19,250",±143,21.10%,±0.2,"82,317",*****,29.20%,*****,"1,636",±26,18.90%,±0.3,"2,509",±172,19.00%,±1.3,"113,042",*****,25.80%,*****,"27,447",±50,20.00%,±0.1,"17,355",±70,17.00%,±0.1,"680,041",*****,21.40%,*****,"89,190",*****,21.90%,*****,"3,412",*****,17.40%,*****,"597,531",*****,24.60%,*****,"365,288",*****,23.10%,*****,"16,474",±37,25.40%,±0.1,"564,737",*****,25.90%,*****,"697,372",*****,21.20%,*****,"115,402",*****,13.60%,*****,"207,464",*****,26.60%,*****,"49,037",*****,17.40%,*****,"150,187",*****,19.90%,*****,"98,581",*****,22.10%,*****,"405,816",*****,21.20%,*****,"50,320",±47,18.70%,±0.1,"39,190",*****,21.60%,*****,406,±87,13.90%,±2.6,"8,872",±20,20.10%,±0.1,"98,997",*****,22.00%,*****,"94,082",*****,19.30%,*****,"148,111",*****,26.80%,*****,"25,242",*****,25.50%,*****,"15,576",*****,23.80%,*****,"2,608",±78,16.40%,±0.5,"142,992",*****,30.20%,*****,"9,333",±104,17.00%,±0.2,"187,695",*****,22.30%,*****,"44,537",*****,20.50%,*****,"22,163",±37,27.10%,±0.1
        16 years and over,"1,369,015",±805,82.30%,±0.1,"1,216",±172,80.30%,±4.9,"35,155",±142,86.60%,±0.3,"175,591",±342,82.20%,±0.2,"39,074",±184,85.50%,±0.4,"16,640",±92,76.30%,±0.4,"936,669",±854,80.60%,±0.1,"22,214",±148,80.90%,±0.5,"158,941",±317,82.90%,±0.2,"757,385",±750,75.10%,±0.1,"22,011",±264,76.80%,±0.9,"113,440",±230,83.30%,±0.2,"133,938",±379,74.60%,±0.2,"15,261",±132,81.10%,±0.7,"674,370",±910,74.40%,±0.1,"115,794",±272,75.90%,±0.2,"54,938",±197,80.80%,±0.3,"26,981",±136,84.70%,±0.4,"8,086,852","±1,906",81.40%,±0.1,"119,464",±358,76.00%,±0.2,"216,526",±299,83.10%,±0.1,"14,593",±69,85.20%,±0.4,"74,216",±278,81.40%,±0.3,"209,553",±554,74.20%,±0.2,"7,182",±43,83.00%,±0.5,"10,907",±200,82.50%,±1.5,"336,819",±504,77.00%,±0.1,"113,817",±255,82.80%,±0.2,"86,971",±242,85.00%,±0.2,"2,578,680","±1,446",81.20%,±0.1,"328,419",±478,80.80%,±0.1,"16,685",±134,84.90%,±0.7,"1,904,350","±1,373",78.40%,±0.1,"1,255,070",±966,79.50%,±0.1,"50,143",±221,77.40%,±0.3,"1,681,263","±1,439",77.10%,±0.1,"2,669,130","±1,335",81.10%,±0.1,"747,568",±466,87.80%,±0.1,"595,894",±740,76.50%,±0.1,"238,471",±360,84.70%,±0.1,"622,496",±480,82.50%,±0.1,"357,739",±445,80.40%,±0.1,"1,558,542",±959,81.30%,±0.1,"224,553",±428,83.60%,±0.2,"146,933",±293,80.80%,±0.2,"2,539",±171,87.10%,±2.7,"36,147",±124,82.10%,±0.3,"363,323",±438,80.60%,±0.1,"406,104",±488,83.10%,±0.1,"420,900",±661,76.20%,±0.1,"76,738",±258,77.40%,±0.3,"51,596",±197,78.80%,±0.3,"13,601",±153,85.60%,±1.0,"346,679",±638,73.20%,±0.1,"46,547",±178,84.60%,±0.3,"676,993",±702,80.40%,±0.1,"177,536",±401,81.80%,±0.2,"61,690",±252,75.50%,±0.3
        18 years and over,"1,330,996",*****,80.00%,*****,"1,170",±169,77.20%,±4.6,"34,333",±77,84.60%,±0.2,"170,594",*****,79.90%,*****,"37,984",±123,83.20%,±0.3,"16,004",±39,73.40%,±0.2,"904,597",*****,77.80%,*****,"21,664",±103,78.90%,±0.4,"154,028",*****,80.30%,*****,"725,304",*****,71.90%,*****,"21,077",±225,73.50%,±0.8,"110,524",±64,81.20%,±0.1,"128,529",*****,71.60%,*****,"14,991",±90,79.60%,±0.5,"645,870",*****,71.20%,*****,"111,467",±46,73.10%,±0.1,"53,513",±32,78.70%,±0.1,"26,413",±91,82.90%,±0.3,"7,843,618",*****,78.90%,*****,"114,371",±45,72.70%,±0.1,"209,539",±60,80.40%,±0.1,"14,203",*****,82.90%,*****,"71,895",±143,78.90%,±0.2,"199,973",*****,70.80%,*****,"7,015",±26,81.10%,±0.3,"10,710",±172,81.00%,±1.3,"324,567",*****,74.20%,*****,"109,937",±50,80.00%,±0.1,"84,967",±70,83.00%,±0.1,"2,495,186",*****,78.60%,*****,"317,418",*****,78.10%,*****,"16,238",*****,82.60%,*****,"1,831,956",*****,75.40%,*****,"1,213,923",*****,76.90%,*****,"48,279",±37,74.60%,±0.1,"1,615,826",*****,74.10%,*****,"2,592,329",*****,78.80%,*****,"735,634",*****,86.40%,*****,"571,981",*****,73.40%,*****,"232,675",*****,82.60%,*****,"604,063",*****,80.10%,*****,"346,632",*****,77.90%,*****,"1,511,015",*****,78.80%,*****,"218,251",±47,81.30%,±0.1,"142,662",*****,78.40%,*****,"2,510",±169,86.10%,±2.6,"35,177",±20,79.90%,±0.1,"351,998",*****,78.00%,*****,"394,354",*****,80.70%,*****,"403,952",*****,73.20%,*****,"73,859",*****,74.50%,*****,"49,908",*****,76.20%,*****,"13,281",±78,83.60%,±0.5,"330,454",*****,69.80%,*****,"45,660",±104,83.00%,±0.2,"654,314",*****,77.70%,*****,"172,604",*****,79.50%,*****,"59,542",±37,72.90%,±0.1
        21 years and over,"1,270,381","±1,184",76.40%,±0.1,"1,108",±165,73.10%,±5.2,"33,126",±289,81.60%,±0.7,"157,922",±778,73.90%,±0.4,"36,839",±276,80.70%,±0.6,"15,240",±152,69.90%,±0.7,"863,447",±971,74.30%,±0.1,"21,024",±202,76.60%,±0.7,"148,083",±450,77.20%,±0.2,"681,498",±965,67.60%,±0.1,"19,652",±272,68.60%,±0.9,"103,363",±537,75.90%,±0.4,"120,477",±514,67.10%,±0.3,"14,503",±184,77.00%,±1.0,"606,433",±892,66.90%,±0.1,"104,565",±458,68.60%,±0.3,"51,589",±261,75.80%,±0.4,"25,388",±192,79.70%,±0.6,"7,455,744","±2,414",75.00%,±0.1,"107,270",±477,68.20%,±0.3,"201,009",±484,77.20%,±0.2,"13,911",±180,81.20%,±1.0,"69,062",±286,75.80%,±0.3,"184,420",±670,65.30%,±0.2,"6,775",±129,78.30%,±1.5,"10,362",±280,78.40%,±2.1,"304,052",±662,69.50%,±0.2,"104,755",±327,76.20%,±0.2,"82,189",±305,80.30%,±0.3,"2,364,922","±1,700",74.50%,±0.1,"304,141",±517,74.80%,±0.1,"15,806",±157,80.40%,±0.8,"1,724,604","±1,482",71.00%,±0.1,"1,157,469","±1,022",73.30%,±0.1,"45,571",±249,70.40%,±0.4,"1,519,829","±1,617",69.70%,±0.1,"2,450,295","±1,883",74.50%,±0.1,"717,653",±598,84.30%,±0.1,"537,612",±744,69.00%,±0.1,"211,147",±901,75.00%,±0.3,"581,396",±719,77.10%,±0.1,"313,937","±1,083",70.50%,±0.2,"1,439,457","±1,042",75.10%,±0.1,"199,855",±725,74.40%,±0.3,"136,969",±296,75.30%,±0.2,"2,455",±162,84.20%,±3.3,"33,523",±178,76.10%,±0.4,"336,338",±518,74.60%,±0.1,"376,840",±589,77.20%,±0.1,"380,499",±750,68.90%,±0.1,"69,857",±297,70.50%,±0.3,"47,938",±266,73.20%,±0.4,"12,909",±137,81.20%,±0.9,"308,219",±638,65.10%,±0.1,"44,006",±361,80.00%,±0.7,"619,665",±870,73.60%,±0.1,"151,121","±1,017",69.60%,±0.5,"56,509",±254,69.20%,±0.3
        62 years and over,"298,188","±1,640",17.90%,±0.1,445,±90,29.40%,±6.1,"13,200",±338,32.50%,±0.8,"46,656",±679,21.80%,±0.3,"15,323",±359,33.50%,±0.8,"4,158",±293,19.10%,±1.3,"232,347","±1,474",20.00%,±0.1,"6,494",±193,23.60%,±0.7,"51,392",±689,26.80%,±0.4,"154,743","±1,224",15.30%,±0.1,"5,981",±207,20.90%,±0.7,"31,681",±500,23.30%,±0.4,"28,895",±746,16.10%,±0.4,"5,409",±175,28.70%,±0.9,"129,305","±1,256",14.30%,±0.1,"19,509",±404,12.80%,±0.3,"18,961",±443,27.90%,±0.7,"5,802",±197,18.20%,±0.6,"1,750,482","±4,182",17.60%,±0.1,"27,293",±467,17.40%,±0.3,"71,080",±665,27.30%,±0.3,"5,761",±190,33.60%,±1.1,"25,370",±500,27.80%,±0.5,"39,604",±550,14.00%,±0.2,"3,029",±137,35.00%,±1.6,"2,575",±208,19.50%,±1.6,"75,887",±790,17.30%,±0.2,"32,956",±387,24.00%,±0.3,"34,333",±507,33.60%,±0.5,"596,767","±1,983",18.80%,±0.1,"96,835",±819,23.80%,±0.2,"7,039",±254,35.80%,±1.3,"436,868","±2,138",18.00%,±0.1,"284,388","±1,537",18.00%,±0.1,"10,757",±289,16.60%,±0.4,"326,892","±2,261",15.00%,±0.1,"593,100","±2,155",18.00%,±0.1,"170,734","±1,426",20.10%,±0.2,"124,981","±1,147",16.00%,±0.1,"71,479",±732,25.40%,±0.3,"154,592","±1,038",20.50%,±0.1,"85,494",±911,19.20%,±0.2,"330,694","±1,484",17.30%,±0.1,"58,377",±712,21.70%,±0.3,"45,916",±546,25.20%,±0.3,"1,032",±90,35.40%,±3.3,"14,083",±242,32.00%,±0.5,"91,799",±939,20.40%,±0.2,"121,813","±1,178",24.90%,±0.2,"90,218",±935,16.30%,±0.2,"19,077",±323,19.30%,±0.3,"16,466",±451,25.10%,±0.7,"5,181",±333,32.60%,±2.1,"67,905",±929,14.30%,±0.2,"17,853",±411,32.50%,±0.7,"169,340","±1,146",20.10%,±0.1,"34,572",±566,15.90%,±0.3,"13,420",±469,16.40%,±0.6
        65 years and over,"243,239",*****,14.60%,*****,386,±82,25.50%,±5.4,"10,925",±90,26.90%,±0.2,"38,852",±40,18.20%,±0.1,"13,155",±150,28.80%,±0.3,"3,299",±91,15.10%,±0.4,"190,307",*****,16.40%,*****,"5,261",±122,19.20%,±0.4,"42,605",±126,22.20%,±0.1,"125,708",±76,12.50%,±0.1,"4,835",±95,16.90%,±0.3,"25,688",±90,18.90%,±0.1,"23,671",±143,13.20%,±0.1,"4,487",±42,23.80%,±0.2,"102,703",±62,11.30%,±0.1,"15,971",±151,10.50%,±0.1,"15,801",±107,23.20%,±0.2,"4,854",±162,15.20%,±0.5,"1,415,856",*****,14.20%,*****,"22,292",±80,14.20%,±0.1,"60,391",±110,23.20%,±0.1,"5,027",±116,29.30%,±0.7,"21,197",±133,23.30%,±0.1,"32,222",±98,11.40%,±0.1,"2,571",±113,29.70%,±1.3,"2,075",±94,15.70%,±0.7,"62,381",±84,14.30%,±0.1,"27,774",±95,20.20%,±0.1,"29,045",±117,28.40%,±0.1,"488,359",*****,15.40%,*****,"81,151",±85,20.00%,±0.1,"5,814",±120,29.60%,±0.6,"359,162",*****,14.80%,*****,"230,399",*****,14.60%,*****,"8,524",±67,13.20%,±0.1,"259,927",*****,11.90%,*****,"481,993",*****,14.70%,*****,"142,119",±86,16.70%,±0.1,"101,414",±114,13.00%,±0.1,"59,439",±131,21.10%,±0.1,"127,520",*****,16.90%,*****,"70,948",±56,15.90%,±0.1,"269,943",*****,14.10%,*****,"47,668",±140,17.70%,±0.1,"38,339",±96,21.10%,±0.1,909,±81,31.20%,±3.1,"11,610",±69,26.40%,±0.2,"74,541",*****,16.50%,*****,"100,577",±81,20.60%,±0.1,"73,575",*****,13.30%,*****,"15,578",±97,15.70%,±0.1,"13,008",±94,19.90%,±0.1,"4,396",±157,27.70%,±1.0,"54,353",±63,11.50%,±0.1,"14,987",±109,27.30%,±0.2,"137,596",±71,16.30%,±0.1,"28,323",±128,13.00%,±0.1,"10,550",±155,12.90%,±0.2
        18 years and over,"1,330,996",*****,"1,330,996",(X),"1,170",±169,"1,170",(X),"34,333",±77,"34,333",(X),"170,594",*****,"170,594",(X),"37,984",±123,"37,984",(X),"16,004",±39,"16,004",(X),"904,597",*****,"904,597",(X),"21,664",±103,"21,664",(X),"154,028",*****,"154,028",(X),"725,304",*****,"725,304",(X),"21,077",±225,"21,077",(X),"110,524",±64,"110,524",(X),"128,529",*****,"128,529",(X),"14,991",±90,"14,991",(X),"645,870",*****,"645,870",(X),"111,467",±46,"111,467",(X),"53,513",±32,"53,513",(X),"26,413",±91,"26,413",(X),"7,843,618",*****,"7,843,618",(X),"114,371",±45,"114,371",(X),"209,539",±60,"209,539",(X),"14,203",*****,"14,203",(X),"71,895",±143,"71,895",(X),"199,973",*****,"199,973",(X),"7,015",±26,"7,015",(X),"10,710",±172,"10,710",(X),"324,567",*****,"324,567",(X),"109,937",±50,"109,937",(X),"84,967",±70,"84,967",(X),"2,495,186",*****,"2,495,186",(X),"317,418",*****,"317,418",(X),"16,238",*****,"16,238",(X),"1,831,956",*****,"1,831,956",(X),"1,213,923",*****,"1,213,923",(X),"48,279",±37,"48,279",(X),"1,615,826",*****,"1,615,826",(X),"2,592,329",*****,"2,592,329",(X),"735,634",*****,"735,634",(X),"571,981",*****,"571,981",(X),"232,675",*****,"232,675",(X),"604,063",*****,"604,063",(X),"346,632",*****,"346,632",(X),"1,511,015",*****,"1,511,015",(X),"218,251",±47,"218,251",(X),"142,662",*****,"142,662",(X),"2,510",±169,"2,510",(X),"35,177",±20,"35,177",(X),"351,998",*****,"351,998",(X),"394,354",*****,"394,354",(X),"403,952",*****,"403,952",(X),"73,859",*****,"73,859",(X),"49,908",*****,"49,908",(X),"13,281",±78,"13,281",(X),"330,454",*****,"330,454",(X),"45,660",±104,"45,660",(X),"654,314",*****,"654,314",(X),"172,604",*****,"172,604",(X),"59,542",±37,"59,542",(X)
            Male,"656,134",*****,49.30%,*****,684,±101,58.50%,±5.5,"18,797",±110,54.70%,±0.3,"84,278",±36,49.40%,±0.1,"18,879",±190,49.70%,±0.5,"8,143",±118,50.90%,±0.7,"441,433",*****,48.80%,*****,"11,767",±128,54.30%,±0.5,"76,723",±71,49.80%,±0.1,"361,680",*****,49.90%,*****,"10,680",±295,50.70%,±0.9,"54,721",±76,49.50%,±0.1,"66,478",*****,51.70%,*****,"7,578",±76,50.60%,±0.5,"330,954",*****,51.20%,*****,"63,487",±88,57.00%,±0.1,"26,722",±82,49.90%,±0.1,"17,346",±188,65.70%,±0.7,"3,863,992",*****,49.30%,*****,"55,087",±51,48.20%,±0.1,"101,958",±88,48.70%,±0.1,"7,241",±63,51.00%,±0.4,"35,484",±195,49.40%,±0.2,"101,084",±20,50.50%,±0.1,"3,463",±162,49.40%,±2.3,"5,792",±160,54.10%,±1.4,"165,505",*****,51.00%,*****,"54,639",±61,49.70%,±0.1,"41,679",±97,49.10%,±0.1,"1,229,447",*****,49.30%,*****,"154,414",*****,48.60%,*****,"8,225",±88,50.70%,±0.5,"914,656",*****,49.90%,*****,"591,944",*****,48.80%,*****,"24,477",±102,50.70%,±0.2,"805,484",*****,49.80%,*****,"1,310,288",*****,50.50%,*****,"379,252",*****,51.60%,*****,"284,476",*****,49.70%,*****,"117,632",±57,50.60%,±0.1,"299,430",*****,49.60%,*****,"173,291",±49,50.00%,±0.1,"770,109",*****,51.00%,*****,"108,510",±67,49.70%,±0.1,"69,781",±31,48.90%,±0.1,"1,195",±112,47.60%,±3.1,"17,424",±44,49.50%,±0.1,"174,534",*****,49.60%,*****,"192,386",*****,48.80%,*****,"200,024",*****,49.50%,*****,"36,663",±31,49.60%,±0.1,"24,640",±133,49.40%,±0.3,"6,926",±150,52.10%,±1.0,"164,819",±34,49.90%,±0.1,"23,677",±139,51.90%,±0.2,"324,114",*****,49.50%,*****,"83,275",±45,48.20%,±0.1,"30,345",±67,51.00%,±0.1
            Female,"674,862",*****,50.70%,*****,486,±109,41.50%,±5.5,"15,536",±84,45.30%,±0.3,"86,316",±37,50.60%,±0.1,"19,105",±177,50.30%,±0.5,"7,861",±111,49.10%,±0.7,"463,164",*****,51.20%,*****,"9,897",±117,45.70%,±0.5,"77,305",±70,50.20%,±0.1,"363,624",*****,50.10%,*****,"10,397",±114,49.30%,±0.9,"55,803",±37,50.50%,±0.1,"62,051",*****,48.30%,*****,"7,413",±99,49.40%,±0.5,"314,916",*****,48.80%,*****,"47,980",±71,43.00%,±0.1,"26,791",±82,50.10%,±0.1,"9,067",±177,34.30%,±0.7,"3,979,626",*****,50.70%,*****,"59,284",±39,51.80%,±0.1,"107,581",±47,51.30%,±0.1,"6,962",±63,49.00%,±0.4,"36,411",±135,50.60%,±0.2,"98,889",±20,49.50%,±0.1,"3,552",±154,50.60%,±2.3,"4,918",±182,45.90%,±1.4,"159,062",*****,49.00%,*****,"55,298",±57,50.30%,±0.1,"43,288",±55,50.90%,±0.1,"1,265,739",*****,50.70%,*****,"163,004",*****,51.40%,*****,"8,013",±88,49.30%,±0.5,"917,300",*****,50.10%,*****,"621,979",*****,51.20%,*****,"23,802",±104,49.30%,±0.2,"810,342",*****,50.20%,*****,"1,282,041",*****,49.50%,*****,"356,382",*****,48.40%,*****,"287,505",*****,50.30%,*****,"115,043",±57,49.40%,±0.1,"304,633",*****,50.40%,*****,"173,341",±49,50.00%,±0.1,"740,906",*****,49.00%,*****,"109,741",±57,50.30%,±0.1,"72,881",±32,51.10%,±0.1,"1,315",±118,52.40%,±3.1,"17,753",±44,50.50%,±0.1,"177,464",*****,50.40%,*****,"201,968",*****,51.20%,*****,"203,928",*****,50.50%,*****,"37,196",±31,50.40%,±0.1,"25,268",±133,50.60%,±0.3,"6,355",±124,47.90%,±1.0,"165,635",±34,50.10%,±0.1,"21,983",±90,48.10%,±0.2,"330,200",*****,50.50%,*****,"89,329",±45,51.80%,±0.1,"29,197",±53,49.00%,±0.1
            Sex ratio (males per 100 females),97.2,*****,(X),(X),140.7,±32.0,(X),(X),121,±1.3,(X),(X),97.6,±0.1,(X),(X),98.8,±1.8,(X),(X),103.6,±2.9,(X),(X),95.3,*****,(X),(X),118.9,±2.5,(X),(X),99.2,±0.2,(X),(X),99.5,*****,(X),(X),102.7,±3.7,(X),(X),98.1,±0.2,(X),(X),107.1,*****,(X),(X),102.2,±2.1,(X),(X),105.1,*****,(X),(X),132.3,±0.4,(X),(X),99.7,±0.6,(X),(X),191.3,±5.6,(X),(X),97.1,*****,(X),(X),92.9,±0.1,(X),(X),94.8,±0.1,(X),(X),104,±1.8,(X),(X),97.5,±0.8,(X),(X),102.2,±0.1,(X),(X),97.5,±8.9,(X),(X),117.8,±6.6,(X),(X),104.1,*****,(X),(X),98.8,±0.2,(X),(X),96.3,±0.3,(X),(X),97.1,*****,(X),(X),94.7,*****,(X),(X),102.6,±2.2,(X),(X),99.7,*****,(X),(X),95.2,*****,(X),(X),102.8,±0.9,(X),(X),99.4,*****,(X),(X),102.2,*****,(X),(X),106.4,*****,(X),(X),98.9,*****,(X),(X),102.3,±0.1,(X),(X),98.3,*****,(X),(X),100,±0.1,(X),(X),103.9,*****,(X),(X),98.9,±0.1,(X),(X),95.7,±0.1,(X),(X),90.9,±11.5,(X),(X),98.1,±0.5,(X),(X),98.3,*****,(X),(X),95.3,*****,(X),(X),98.1,*****,(X),(X),98.6,±0.2,(X),(X),97.5,±1.0,(X),(X),109,±4.3,(X),(X),99.5,±0.1,(X),(X),107.7,±1.0,(X),(X),98.2,*****,(X),(X),93.2,±0.1,(X),(X),103.9,±0.4,(X),(X)
        65 years and over,"243,239",*****,"243,239",(X),386,±82,386,(X),"10,925",±90,"10,925",(X),"38,852",±40,"38,852",(X),"13,155",±150,"13,155",(X),"3,299",±91,"3,299",(X),"190,307",*****,"190,307",(X),"5,261",±122,"5,261",(X),"42,605",±126,"42,605",(X),"125,708",±76,"125,708",(X),"4,835",±95,"4,835",(X),"25,688",±90,"25,688",(X),"23,671",±143,"23,671",(X),"4,487",±42,"4,487",(X),"102,703",±62,"102,703",(X),"15,971",±151,"15,971",(X),"15,801",±107,"15,801",(X),"4,854",±162,"4,854",(X),"1,415,856",*****,"1,415,856",(X),"22,292",±80,"22,292",(X),"60,391",±110,"60,391",(X),"5,027",±116,"5,027",(X),"21,197",±133,"21,197",(X),"32,222",±98,"32,222",(X),"2,571",±113,"2,571",(X),"2,075",±94,"2,075",(X),"62,381",±84,"62,381",(X),"27,774",±95,"27,774",(X),"29,045",±117,"29,045",(X),"488,359",*****,"488,359",(X),"81,151",±85,"81,151",(X),"5,814",±120,"5,814",(X),"359,162",*****,"359,162",(X),"230,399",*****,"230,399",(X),"8,524",±67,"8,524",(X),"259,927",*****,"259,927",(X),"481,993",*****,"481,993",(X),"142,119",±86,"142,119",(X),"101,414",±114,"101,414",(X),"59,439",±131,"59,439",(X),"127,520",*****,"127,520",(X),"70,948",±56,"70,948",(X),"269,943",*****,"269,943",(X),"47,668",±140,"47,668",(X),"38,339",±96,"38,339",(X),909,±81,909,(X),"11,610",±69,"11,610",(X),"74,541",*****,"74,541",(X),"100,577",±81,"100,577",(X),"73,575",*****,"73,575",(X),"15,578",±97,"15,578",(X),"13,008",±94,"13,008",(X),"4,396",±157,"4,396",(X),"54,353",±63,"54,353",(X),"14,987",±109,"14,987",(X),"137,596",±71,"137,596",(X),"28,323",±128,"28,323",(X),"10,550",±155,"10,550",(X)
            Male,"107,416",*****,44.20%,*****,213,±49,55.20%,±7.3,"5,171",±48,47.30%,±0.4,"17,604",±36,45.30%,±0.1,"6,422",±152,48.80%,±0.7,"1,637",±74,49.60%,±1.7,"84,303",*****,44.30%,*****,"2,485",±72,47.20%,±1.1,"20,451",±70,48.00%,±0.1,"56,498",±34,44.90%,±0.1,"2,276",±74,47.10%,±1.3,"11,796",±53,45.90%,±0.1,"10,611",±105,44.80%,±0.3,"2,185",±38,48.70%,±0.6,"47,507",±39,46.30%,±0.1,"7,537",±48,47.20%,±0.5,"7,635",±73,48.30%,±0.3,"2,365",±114,48.70%,±1.0,"618,342",*****,43.70%,*****,"10,572",±80,47.40%,±0.2,"26,920",±79,44.60%,±0.1,"2,514",±102,50.00%,±1.2,"9,918",±130,46.80%,±0.3,"14,807",±87,46.00%,±0.2,"1,258",±148,48.90%,±5.6,"1,133",±59,54.60%,±1.2,"28,662",±84,45.90%,±0.1,"12,929",±90,46.60%,±0.2,"13,651",±109,47.00%,±0.2,"218,059",*****,44.70%,*****,"36,135",±69,44.50%,±0.1,"3,022",±102,52.00%,±1.1,"164,854",*****,45.90%,*****,"100,461",*****,43.60%,*****,"3,966",±84,46.50%,±0.8,"116,978",*****,45.00%,*****,"216,251",*****,44.90%,*****,"64,681",*****,45.50%,±0.1,"44,929",±114,44.30%,±0.1,"27,527",±127,46.30%,±0.1,"56,362",*****,44.20%,*****,"32,035",±35,45.20%,±0.1,"121,266",*****,44.90%,*****,"22,184",±84,46.50%,±0.1,"17,564",±64,45.80%,±0.1,448,±53,49.30%,±3.2,"5,592",±72,48.20%,±0.5,"33,105",*****,44.40%,*****,"44,994",±82,44.70%,±0.1,"32,669",*****,44.40%,*****,"7,040",±63,45.20%,±0.3,"6,000",±60,46.10%,±0.4,"2,282",±89,51.90%,±1.6,"24,719",±31,45.50%,±0.1,"7,160",±82,47.80%,±0.3,"62,275",±70,45.30%,±0.1,"12,562",±64,44.40%,±0.2,"5,009",±97,47.50%,±0.7
            Female,"135,823",*****,55.80%,*****,173,±50,44.80%,±7.3,"5,754",±78,52.70%,±0.4,"21,248",±33,54.70%,±0.1,"6,733",±80,51.20%,±0.7,"1,662",±71,50.40%,±1.7,"106,004",*****,55.70%,*****,"2,776",±96,52.80%,±1.1,"22,154",±90,52.00%,±0.1,"69,210",±63,55.10%,±0.1,"2,559",±84,52.90%,±1.3,"13,892",±58,54.10%,±0.1,"13,060",±94,55.20%,±0.3,"2,302",±31,51.30%,±0.6,"55,196",±37,53.70%,±0.1,"8,434",±155,52.80%,±0.5,"8,166",±60,51.70%,±0.3,"2,489",±71,51.30%,±1.0,"797,514",*****,56.30%,*****,"11,720",±18,52.60%,±0.2,"33,471",±73,55.40%,±0.1,"2,513",±62,50.00%,±1.2,"11,279",±29,53.20%,±0.3,"17,415",±42,54.00%,±0.2,"1,313",±162,51.10%,±5.6,942,±48,45.40%,±1.2,"33,719",*****,54.10%,±0.1,"14,845",±28,53.40%,±0.2,"15,394",±60,53.00%,±0.2,"270,300",*****,55.30%,*****,"45,016",±37,55.50%,±0.1,"2,792",±69,48.00%,±1.1,"194,308",*****,54.10%,*****,"129,938",*****,56.40%,*****,"4,558",±62,53.50%,±0.8,"142,949",*****,55.00%,*****,"265,742",*****,55.10%,*****,"77,438",±86,54.50%,±0.1,"56,485",*****,55.70%,±0.1,"31,912",±33,53.70%,±0.1,"71,158",*****,55.80%,*****,"38,913",±28,54.80%,±0.1,"148,677",*****,55.10%,*****,"25,484",±105,53.50%,±0.1,"20,775",±76,54.20%,±0.1,461,±46,50.70%,±3.2,"6,018",±58,51.80%,±0.5,"41,436",*****,55.60%,*****,"55,583",*****,55.30%,±0.1,"40,906",*****,55.60%,*****,"8,538",±76,54.80%,±0.3,"7,008",±82,53.90%,±0.4,"2,114",±121,48.10%,±1.6,"29,634",±40,54.50%,±0.1,"7,827",±64,52.20%,±0.3,"75,321",*****,54.70%,±0.1,"15,761",±98,55.60%,±0.2,"5,541",±124,52.50%,±0.7
            Sex ratio (males per 100 females),79.1,*****,(X),(X),123.1,±36.5,(X),(X),89.9,±1.5,(X),(X),82.9,±0.2,(X),(X),95.4,±2.8,(X),(X),98.5,±6.7,(X),(X),79.5,*****,(X),(X),89.5,±4.0,(X),(X),92.3,±0.4,(X),(X),81.6,±0.1,(X),(X),88.9,±4.6,(X),(X),84.9,±0.4,(X),(X),81.2,±1.0,(X),(X),94.9,±2.3,(X),(X),86.1,±0.1,(X),(X),89.4,±1.9,(X),(X),93.5,±1.0,(X),(X),95,±4.0,(X),(X),77.5,*****,(X),(X),90.2,±0.7,(X),(X),80.4,±0.3,(X),(X),100,±4.9,(X),(X),87.9,±1.2,(X),(X),85,±0.5,(X),(X),95.8,±21.6,(X),(X),120.3,±6.0,(X),(X),85,±0.2,(X),(X),87.1,±0.6,(X),(X),88.7,±0.8,(X),(X),80.7,*****,(X),(X),80.3,±0.2,(X),(X),108.2,±4.7,(X),(X),84.8,*****,(X),(X),77.3,*****,(X),(X),87,±2.7,(X),(X),81.8,*****,(X),(X),81.4,*****,(X),(X),83.5,±0.1,(X),(X),79.5,±0.2,(X),(X),86.3,±0.4,(X),(X),79.2,*****,(X),(X),82.3,±0.1,(X),(X),81.6,*****,(X),(X),87.1,±0.5,(X),(X),84.5,±0.4,(X),(X),97.2,±12.5,(X),(X),92.9,±1.8,(X),(X),79.9,*****,(X),(X),80.9,±0.1,(X),(X),79.9,*****,(X),(X),82.5,±1.1,(X),(X),85.6,±1.4,(X),(X),107.9,±7.1,(X),(X),83.4,±0.1,(X),(X),91.5,±1.2,(X),(X),82.7,±0.1,(X),(X),79.7,±0.6,(X),(X),90.4,±2.7,(X),(X)
RACE,,,,,,,,,,,,,,,,,,,,,,,,,,,,,,,,,,,,,,,,,,,,,,,,,,,,,,,,,,,,,,,,,,,,,,,,,,,,,,,,,,,,,,,,,,,,,,,,,,,,,,,,,,,,,,,,,,,,,,,,,,,,,,,,,,,,,,,,,,,,,,,,,,,,,,,,,,,,,,,,,,,,,,,,,,,,,,,,,,,,,,,,,,,,,,,,,,,,,,,,,,,,,,,,,,,,,,,,,,,,,,,,,,,,,,,,
    Total population,"1,663,823",*****,"1,663,823",(X),"1,515",±206,"1,515",(X),"40,577",*****,"40,577",(X),"213,605",*****,"213,605",(X),"45,674",*****,"45,674",(X),"21,811",*****,"21,811",(X),"1,162,648",*****,"1,162,648",(X),"27,462",*****,"27,462",(X),"191,713",*****,"191,713",(X),"1,008,280",*****,"1,008,280",(X),"28,657",*****,"28,657",(X),"136,132",*****,"136,132",(X),"179,578",*****,"179,578",(X),"18,829",*****,"18,829",(X),"906,883",*****,"906,883",(X),"152,515",*****,"152,515",(X),"68,024",*****,"68,024",(X),"31,873",*****,"31,873",(X),"9,936,690",*****,"9,936,690",(X),"157,243",*****,"157,243",(X),"260,485",*****,"260,485",(X),"17,130",*****,"17,130",(X),"91,145",*****,"91,145",(X),"282,290",*****,"282,290",(X),"8,651",*****,"8,651",(X),"13,219",*****,"13,219",(X),"437,609",*****,"437,609",(X),"137,384",*****,"137,384",(X),"102,322",*****,"102,322",(X),"3,175,227",*****,"3,175,227",(X),"406,608",*****,"406,608",(X),"19,650",*****,"19,650",(X),"2,429,487",*****,"2,429,487",(X),"1,579,211",*****,"1,579,211",(X),"64,753",*****,"64,753",(X),"2,180,563",*****,"2,180,563",(X),"3,289,701",*****,"3,289,701",(X),"851,036",*****,"851,036",(X),"779,445",*****,"779,445",(X),"281,712",*****,"281,712",(X),"754,250",*****,"754,250",(X),"445,213",*****,"445,213",(X),"1,916,831",*****,"1,916,831",(X),"268,571",*****,"268,571",(X),"181,852",*****,"181,852",(X),"2,916",±206,"2,916",(X),"44,049",*****,"44,049",(X),"450,995",*****,"450,995",(X),"488,436",*****,"488,436",(X),"552,063",*****,"552,063",(X),"99,101",*****,"99,101",(X),"65,484",*****,"65,484",(X),"15,889",*****,"15,889",(X),"473,446",*****,"473,446",(X),"54,993",*****,"54,993",(X),"842,009",*****,"842,009",(X),"217,141",*****,"217,141",(X),"81,705",*****,"81,705",(X)
        One race,"1,498,496","±4,933",90.10%,±0.3,"1,371",±187,90.50%,±4.7,"36,398",±515,89.70%,±1.3,"191,862","±1,313",89.80%,±0.6,"41,478",±565,90.80%,±1.2,"18,060",±715,82.80%,±3.3,"1,018,675","±5,287",87.60%,±0.5,"24,593",±511,89.60%,±1.9,"177,179","±1,015",92.40%,±0.5,"834,560","±5,916",82.80%,±0.6,"25,230",±572,88.00%,±2.0,"121,740","±1,068",89.40%,±0.8,"143,422","±2,969",79.90%,±1.7,"16,427",±395,87.20%,±2.1,"752,880","±5,774",83.00%,±0.6,"128,717","±1,719",84.40%,±1.1,"61,944","±1,001",91.10%,±1.5,"28,016",±514,87.90%,±1.6,"8,580,980","±15,512",86.40%,±0.2,"133,693","±2,336",85.00%,±1.5,"237,124","±1,566",91.00%,±0.6,"15,595",±357,91.00%,±2.1,"79,919","±1,256",87.70%,±1.4,"254,595","±2,443",90.20%,±0.9,"8,188",±247,94.60%,±2.9,"12,031",±450,91.00%,±3.4,"389,725","±2,993",89.10%,±0.7,"121,346","±1,320",88.30%,±1.0,"94,240",±808,92.10%,±0.8,"2,794,176","±8,353",88.00%,±0.3,"365,512","±2,293",89.90%,±0.6,"18,228",±256,92.80%,±1.3,"2,067,762","±9,531",85.10%,±0.4,"1,390,298","±5,439",88.00%,±0.3,"47,340","±1,457",73.10%,±2.2,"1,833,110","±9,586",84.10%,±0.4,"2,799,686","±8,985",85.10%,±0.3,"770,178","±2,881",90.50%,±0.3,"636,055","±6,032",81.60%,±0.8,"248,234","±1,917",88.10%,±0.7,"673,030","±3,281",89.20%,±0.4,"365,084","±3,390",82.00%,±0.8,"1,697,878","±6,236",88.60%,±0.3,"236,658","±2,088",88.10%,±0.8,"164,322","±1,249",90.40%,±0.7,"2,832",±216,97.10%,±2.2,"39,413",±403,89.50%,±0.9,"395,868","±2,863",87.80%,±0.6,"433,063","±2,924",88.70%,±0.6,"445,731","±4,987",80.70%,±0.9,"85,024","±1,357",85.80%,±1.4,"56,112","±1,355",85.70%,±2.1,"15,023",±381,94.50%,±2.4,"390,526","±4,511",82.50%,±1.0,"50,915",±465,92.60%,±0.8,"703,126","±5,053",83.50%,±0.6,"185,830","±2,228",85.60%,±1.0,"69,603","±1,214",85.20%,±1.5
        Two or More Races,"165,327","±4,933",9.90%,±0.3,144,±78,9.50%,±4.7,"4,179",±515,10.30%,±1.3,"21,743","±1,313",10.20%,±0.6,"4,196",±565,9.20%,±1.2,"3,751",±715,17.20%,±3.3,"143,973","±5,287",12.40%,±0.5,"2,869",±511,10.40%,±1.9,"14,534","±1,015",7.60%,±0.5,"173,720","±5,916",17.20%,±0.6,"3,427",±572,12.00%,±2.0,"14,392","±1,068",10.60%,±0.8,"36,156","±2,969",20.10%,±1.7,"2,402",±395,12.80%,±2.1,"154,003","±5,774",17.00%,±0.6,"23,798","±1,719",15.60%,±1.1,"6,080","±1,001",8.90%,±1.5,"3,857",±514,12.10%,±1.6,"1,355,710","±15,512",13.60%,±0.2,"23,550","±2,336",15.00%,±1.5,"23,361","±1,566",9.00%,±0.6,"1,535",±357,9.00%,±2.1,"11,226","±1,256",12.30%,±1.4,"27,695","±2,443",9.80%,±0.9,463,±247,5.40%,±2.9,"1,188",±450,9.00%,±3.4,"47,884","±2,993",10.90%,±0.7,"16,038","±1,320",11.70%,±1.0,"8,082",±808,7.90%,±0.8,"381,051","±8,353",12.00%,±0.3,"41,096","±2,293",10.10%,±0.6,"1,422",±256,7.20%,±1.3,"361,725","±9,531",14.90%,±0.4,"188,913","±5,439",12.00%,±0.3,"17,413","±1,457",26.90%,±2.2,"347,453","±9,586",15.90%,±0.4,"490,015","±8,985",14.90%,±0.3,"80,858","±2,881",9.50%,±0.3,"143,390","±6,032",18.40%,±0.8,"33,478","±1,917",11.90%,±0.7,"81,220","±3,281",10.80%,±0.4,"80,129","±3,390",18.00%,±0.8,"218,953","±6,236",11.40%,±0.3,"31,913","±2,088",11.90%,±0.8,"17,530","±1,249",9.60%,±0.7,84,±64,2.90%,±2.2,"4,636",±403,10.50%,±0.9,"55,127","±2,863",12.20%,±0.6,"55,373","±2,924",11.30%,±0.6,"106,332","±4,987",19.30%,±0.9,"14,077","±1,357",14.20%,±1.4,"9,372","±1,355",14.30%,±2.1,866,±381,5.50%,±2.4,"82,920","±4,511",17.50%,±1.0,"4,078",±465,7.40%,±0.8,"138,883","±5,053",16.50%,±0.6,"31,311","±2,228",14.40%,±1.0,"12,102","±1,214",14.80%,±1.5
        One race,"1,498,496","±4,933",90.10%,±0.3,"1,371",±187,90.50%,±4.7,"36,398",±515,89.70%,±1.3,"191,862","±1,313",89.80%,±0.6,"41,478",±565,90.80%,±1.2,"18,060",±715,82.80%,±3.3,"1,018,675","±5,287",87.60%,±0.5,"24,593",±511,89.60%,±1.9,"177,179","±1,015",92.40%,±0.5,"834,560","±5,916",82.80%,±0.6,"25,230",±572,88.00%,±2.0,"121,740","±1,068",89.40%,±0.8,"143,422","±2,969",79.90%,±1.7,"16,427",±395,87.20%,±2.1,"752,880","±5,774",83.00%,±0.6,"128,717","±1,719",84.40%,±1.1,"61,944","±1,001",91.10%,±1.5,"28,016",±514,87.90%,±1.6,"8,580,980","±15,512",86.40%,±0.2,"133,693","±2,336",85.00%,±1.5,"237,124","±1,566",91.00%,±0.6,"15,595",±357,91.00%,±2.1,"79,919","±1,256",87.70%,±1.4,"254,595","±2,443",90.20%,±0.9,"8,188",±247,94.60%,±2.9,"12,031",±450,91.00%,±3.4,"389,725","±2,993",89.10%,±0.7,"121,346","±1,320",88.30%,±1.0,"94,240",±808,92.10%,±0.8,"2,794,176","±8,353",88.00%,±0.3,"365,512","±2,293",89.90%,±0.6,"18,228",±256,92.80%,±1.3,"2,067,762","±9,531",85.10%,±0.4,"1,390,298","±5,439",88.00%,±0.3,"47,340","±1,457",73.10%,±2.2,"1,833,110","±9,586",84.10%,±0.4,"2,799,686","±8,985",85.10%,±0.3,"770,178","±2,881",90.50%,±0.3,"636,055","±6,032",81.60%,±0.8,"248,234","±1,917",88.10%,±0.7,"673,030","±3,281",89.20%,±0.4,"365,084","±3,390",82.00%,±0.8,"1,697,878","±6,236",88.60%,±0.3,"236,658","±2,088",88.10%,±0.8,"164,322","±1,249",90.40%,±0.7,"2,832",±216,97.10%,±2.2,"39,413",±403,89.50%,±0.9,"395,868","±2,863",87.80%,±0.6,"433,063","±2,924",88.70%,±0.6,"445,731","±4,987",80.70%,±0.9,"85,024","±1,357",85.80%,±1.4,"56,112","±1,355",85.70%,±2.1,"15,023",±381,94.50%,±2.4,"390,526","±4,511",82.50%,±1.0,"50,915",±465,92.60%,±0.8,"703,126","±5,053",83.50%,±0.6,"185,830","±2,228",85.60%,±1.0,"69,603","±1,214",85.20%,±1.5
            White,"565,911","±3,663",34.00%,±0.2,961,±168,63.40%,±5.4,"32,583",±469,80.30%,±1.2,"161,779","±1,369",75.70%,±0.6,"37,974",±583,83.10%,±1.3,"13,290",±779,60.90%,±3.6,"542,206","±3,627",46.60%,±0.3,"18,969",±448,69.10%,±1.6,"158,083","±1,303",82.50%,±0.7,"483,826","±6,138",48.00%,±0.6,"19,350",±974,67.50%,±3.4,"102,072","±1,061",75.00%,±0.8,"70,860","±3,452",39.50%,±1.9,"12,980",±449,68.90%,±2.4,"509,039","±6,646",56.10%,±0.7,"78,680","±2,381",51.60%,±1.6,"48,251",±854,70.90%,±1.3,"22,816",±370,71.60%,±1.2,"3,937,901","±15,726",39.60%,±0.2,"77,220","±3,017",49.10%,±1.9,"192,209","±1,610",73.80%,±0.6,"14,043",±325,82.00%,±1.9,"67,114","±1,504",73.60%,±1.7,"117,491","±3,102",41.60%,±1.1,"7,196",±234,83.20%,±2.7,"10,437",±642,79.00%,±4.9,"173,937","±3,275",39.70%,±0.7,"87,333","±1,869",63.60%,±1.4,"90,082",±841,88.00%,±0.8,"1,594,137","±7,219",50.20%,±0.2,"306,615","±2,166",75.40%,±0.5,"17,247",±260,87.80%,±1.3,"1,138,018","±9,081",46.80%,±0.4,"785,699","±4,049",49.80%,±0.3,"34,864","±1,530",53.80%,±2.4,"975,461","±8,969",44.70%,±0.4,"1,899,871","±9,043",57.80%,±0.3,"356,474","±1,961",41.90%,±0.2,"328,081","±4,451",42.10%,±0.6,"216,354","±2,167",76.80%,±0.8,"327,625","±3,108",43.40%,±0.4,"270,657","±3,398",60.80%,±0.8,"693,455","±5,113",36.20%,±0.3,"176,572","±2,359",65.70%,±0.9,"148,667","±1,059",81.80%,±0.6,"2,600",±176,89.20%,±4.7,"35,233",±406,80.00%,±0.9,"207,575","±2,653",46.00%,±0.6,"330,543","±2,326",67.70%,±0.5,"316,065","±3,998",57.30%,±0.7,"53,760","±1,378",54.20%,±1.4,"48,781","±1,244",74.50%,±1.9,"12,828",±296,80.70%,±1.9,"240,811","±5,044",50.90%,±1.1,"46,316",±506,84.20%,±0.9,"544,398","±5,373",64.70%,±0.6,"127,655","±1,908",58.80%,±0.9,"52,705","±1,150",64.50%,±1.4
            Black or African American,"169,497","±2,123",10.20%,±0.1,0,±13,0.00%,±2.6,706,±122,1.70%,±0.3,"3,862",±289,1.80%,±0.1,450,±166,1.00%,±0.4,367,±85,1.70%,±0.4,"101,345","±1,674",8.70%,±0.1,747,±146,2.70%,±0.5,"1,405",±222,0.70%,±0.1,"45,035","±1,335",4.50%,±0.1,102,±58,0.40%,±0.2,"1,866",±309,1.40%,±0.2,"4,608",±316,2.60%,±0.2,181,±103,1.00%,±0.5,"46,915","±1,563",5.20%,±0.2,"9,848",±638,6.50%,±0.4,"1,538",±181,2.30%,±0.3,"2,682",±310,8.40%,±1.0,"780,993","±4,075",7.90%,±0.1,"4,091",±578,2.60%,±0.4,"6,224",±682,2.40%,±0.3,140,±88,0.80%,±0.5,658,±302,0.70%,±0.3,"8,329",±483,3.00%,±0.2,166,±29,1.90%,±0.3,40,±42,0.30%,±0.3,"9,778",±682,2.20%,±0.2,"2,520",±237,1.80%,±0.2,376,±100,0.40%,±0.1,"53,753","±1,648",1.70%,±0.1,"6,579",±665,1.60%,±0.2,350,±195,1.80%,±1.0,"157,125","±2,260",6.50%,±0.1,"151,960","±2,942",9.60%,±0.2,617,±105,1.00%,±0.2,"171,762","±2,853",7.90%,±0.1,"158,553","±2,700",4.80%,±0.1,"44,058","±1,268",5.20%,±0.1,"54,792","±1,324",7.00%,±0.2,"3,486",±406,1.20%,±0.1,"17,238",±765,2.30%,±0.1,"8,431",±556,1.90%,±0.1,"45,838","±1,267",2.40%,±0.1,"2,839",±517,1.10%,±0.2,"1,758",±348,1.00%,±0.2,7,±2,0.20%,±0.1,709,±111,1.60%,±0.3,"59,699","±1,340",13.20%,±0.3,"7,589",±707,1.60%,±0.1,"15,731",±878,2.80%,±0.2,"1,940",±332,2.00%,±0.3,626,±230,1.00%,±0.4,218,±101,1.40%,±0.6,"7,695",±636,1.60%,±0.1,846,±221,1.50%,±0.4,"15,042",±759,1.80%,±0.1,"5,971",±547,2.70%,±0.3,"2,906",±358,3.60%,±0.4
            American Indian and Alaska Native,"14,165","±1,496",0.90%,±0.1,391,±64,25.80%,±4.4,480,±142,1.20%,±0.3,"2,426",±392,1.10%,±0.2,592,±210,1.30%,±0.5,331,±121,1.50%,±0.6,"8,354","±1,128",0.70%,±0.1,"1,965",±255,7.20%,±0.9,"1,056",±315,0.60%,±0.2,"13,573","±1,628",1.30%,±0.2,667,±243,2.30%,±0.8,"5,521",±538,4.10%,±0.4,"2,634",±605,1.50%,±0.3,"1,805",±215,9.60%,±1.1,"9,970","±1,235",1.10%,±0.1,"2,596",±480,1.70%,±0.3,"2,032",±410,3.00%,±0.6,721,±111,2.30%,±0.3,"111,096","±4,232",1.10%,±0.1,"2,046",±700,1.30%,±0.4,"1,131",±414,0.40%,±0.2,276,±159,1.60%,±0.9,"3,500",±445,3.80%,±0.5,"3,311",±850,1.20%,±0.3,270,±131,3.10%,±1.5,207,±85,1.60%,±0.6,"3,430",±713,0.80%,±0.2,"1,386",±397,1.00%,±0.3,445,±192,0.40%,±0.2,"19,759","±1,690",0.60%,±0.1,"1,838",±376,0.50%,±0.1,336,±189,1.70%,±1.0,"23,446","±1,743",1.00%,±0.1,"11,842","±1,235",0.70%,±0.1,"1,227",±415,1.90%,±0.6,"25,467","±2,208",1.20%,±0.1,"27,270","±2,110",0.80%,±0.1,"4,725",±811,0.60%,±0.1,"7,932","±1,267",1.00%,±0.2,"2,487",±777,0.90%,±0.3,"6,446","±1,269",0.90%,±0.2,"6,107","±1,047",1.40%,±0.2,"12,641","±1,182",0.70%,±0.1,"2,541",±612,0.90%,±0.2,"3,234",±356,1.80%,±0.2,78,±76,2.70%,±2.6,"1,402",±173,3.20%,±0.4,"3,273",±739,0.70%,±0.2,"5,200",±884,1.10%,±0.2,"6,802","±1,119",1.20%,±0.2,"1,609",±460,1.60%,±0.5,911,±349,1.40%,±0.5,503,±199,3.20%,±1.3,"6,492","±1,043",1.40%,±0.2,854,±213,1.60%,±0.4,"10,595","±1,448",1.30%,±0.2,"1,628",±386,0.70%,±0.2,"1,166",±425,1.40%,±0.5
                Cherokee tribal grouping,637,±176,0.00%,±0.1,0,±13,0.00%,±2.6,30,±36,0.10%,±0.1,193,±122,0.10%,±0.1,13,±20,0.00%,±0.1,61,±65,0.30%,±0.3,316,±141,0.00%,±0.1,273,±159,1.00%,±0.6,41,±34,0.00%,±0.1,465,±223,0.00%,±0.1,4,±9,0.00%,±0.1,182,±226,0.10%,±0.2,56,±38,0.00%,±0.1,0,±21,0.00%,±0.2,359,±170,0.00%,±0.1,18,±23,0.00%,±0.1,46,±55,0.10%,±0.1,78,±56,0.20%,±0.2,"2,197",±566,0.00%,±0.1,16,±16,0.00%,±0.1,2,±4,0.00%,±0.1,36,±44,0.20%,±0.3,29,±29,0.00%,±0.1,114,±69,0.00%,±0.1,55,±44,0.60%,±0.5,0,±21,0.00%,±0.3,85,±61,0.00%,±0.1,68,±86,0.00%,±0.1,79,±80,0.10%,±0.1,776,±253,0.00%,±0.1,202,±115,0.00%,±0.1,4,±7,0.00%,±0.1,877,±282,0.00%,±0.1,819,±325,0.10%,±0.1,11,±13,0.00%,±0.1,968,±318,0.00%,±0.1,"1,261",±406,0.00%,±0.1,211,±134,0.00%,±0.1,369,±186,0.00%,±0.1,137,±84,0.00%,±0.1,137,±109,0.00%,±0.1,188,±131,0.00%,±0.1,219,±108,0.00%,±0.1,86,±114,0.00%,±0.1,286,±117,0.20%,±0.1,0,±13,0.00%,±1.4,28,±18,0.10%,±0.1,151,±89,0.00%,±0.1,91,±67,0.00%,±0.1,458,±193,0.10%,±0.1,250,±119,0.30%,±0.1,10,±12,0.00%,±0.1,20,±33,0.10%,±0.2,150,±71,0.00%,±0.1,28,±32,0.10%,±0.1,163,±94,0.00%,±0.1,71,±71,0.00%,±0.1,105,±115,0.10%,±0.1
                Chippewa tribal grouping,92,±63,0.00%,±0.1,0,±13,0.00%,±2.6,0,±28,0.00%,±0.1,0,±31,0.00%,±0.1,0,±28,0.00%,±0.1,0,±25,0.00%,±0.2,23,±36,0.00%,±0.1,0,±25,0.00%,±0.1,0,±31,0.00%,±0.1,10,±17,0.00%,±0.1,8,±15,0.00%,±0.1,26,±31,0.00%,±0.1,0,±31,0.00%,±0.1,13,±11,0.10%,±0.1,23,±23,0.00%,±0.1,0,±31,0.00%,±0.1,0,±31,0.00%,±0.1,0,±28,0.00%,±0.1,419,±247,0.00%,±0.1,43,±67,0.00%,±0.1,0,±31,0.00%,±0.1,0,±21,0.00%,±0.2,1,±4,0.00%,±0.1,21,±34,0.00%,±0.1,0,±19,0.00%,±0.5,3,±6,0.00%,±0.1,0,±31,0.00%,±0.1,0,±31,0.00%,±0.1,4,±7,0.00%,±0.1,128,±88,0.00%,±0.1,21,±27,0.00%,±0.1,0,±21,0.00%,±0.2,569,±456,0.00%,±0.1,55,±50,0.00%,±0.1,24,±42,0.00%,±0.1,189,±135,0.00%,±0.1,154,±79,0.00%,±0.1,7,±19,0.00%,±0.1,7,±12,0.00%,±0.1,13,±19,0.00%,±0.1,169,±162,0.00%,±0.1,0,±31,0.00%,±0.1,95,±81,0.00%,±0.1,34,±34,0.00%,±0.1,15,±18,0.00%,±0.1,0,±13,0.00%,±1.4,27,±23,0.10%,±0.1,28,±25,0.00%,±0.1,117,±143,0.00%,±0.1,0,±31,0.00%,±0.1,7,±10,0.00%,±0.1,2,±4,0.00%,±0.1,0,±21,0.00%,±0.3,4,±7,0.00%,±0.1,0,±31,0.00%,±0.1,35,±49,0.00%,±0.1,0,±31,0.00%,±0.1,11,±21,0.00%,±0.1
                Navajo tribal grouping,570,±241,0.00%,±0.1,0,±13,0.00%,±2.6,3,±5,0.00%,±0.1,72,±64,0.00%,±0.1,0,±28,0.00%,±0.1,0,±25,0.00%,±0.2,85,±62,0.00%,±0.1,4,±6,0.00%,±0.1,64,±74,0.00%,±0.1,473,±325,0.00%,±0.1,237,±167,0.80%,±0.6,126,±137,0.10%,±0.1,25,±35,0.00%,±0.1,0,±21,0.00%,±0.2,150,±91,0.00%,±0.1,69,±49,0.00%,±0.1,33,±46,0.00%,±0.1,12,±18,0.00%,±0.1,"2,505",±718,0.00%,±0.1,29,±37,0.00%,±0.1,73,±99,0.00%,±0.1,0,±21,0.00%,±0.2,0,±31,0.00%,±0.1,92,±125,0.00%,±0.1,0,±19,0.00%,±0.5,0,±21,0.00%,±0.3,70,±85,0.00%,±0.1,19,±24,0.00%,±0.1,37,±45,0.00%,±0.1,522,±299,0.00%,±0.1,0,±31,0.00%,±0.1,0,±21,0.00%,±0.2,628,±210,0.00%,±0.1,299,±134,0.00%,±0.1,0,±31,0.00%,±0.1,888,±378,0.00%,±0.1,663,±353,0.00%,±0.1,52,±36,0.00%,±0.1,111,±109,0.00%,±0.1,15,±23,0.00%,±0.1,130,±117,0.00%,±0.1,45,±44,0.00%,±0.1,472,±213,0.00%,±0.1,22,±25,0.00%,±0.1,108,±97,0.10%,±0.1,0,±13,0.00%,±1.4,40,±33,0.10%,±0.1,195,±202,0.00%,±0.1,0,±31,0.00%,±0.1,152,±91,0.00%,±0.1,12,±20,0.00%,±0.1,0,±31,0.00%,±0.1,0,±21,0.00%,±0.3,133,±80,0.00%,±0.1,3,±7,0.00%,±0.1,89,±89,0.00%,±0.1,38,±61,0.00%,±0.1,15,±14,0.00%,±0.1
                Sioux tribal grouping,154,±91,0.00%,±0.1,5,±7,0.30%,±0.5,0,±28,0.00%,±0.1,64,±49,0.00%,±0.1,0,±28,0.00%,±0.1,0,±25,0.00%,±0.2,67,±59,0.00%,±0.1,2,±4,0.00%,±0.1,138,±142,0.10%,±0.1,3,±7,0.00%,±0.1,2,±4,0.00%,±0.1,86,±96,0.10%,±0.1,19,±19,0.00%,±0.1,27,±22,0.10%,±0.1,29,±37,0.00%,±0.1,25,±30,0.00%,±0.1,27,±36,0.00%,±0.1,0,±28,0.00%,±0.1,542,±175,0.00%,±0.1,8,±13,0.00%,±0.1,20,±23,0.00%,±0.1,0,±21,0.00%,±0.2,6,±10,0.00%,±0.1,0,±31,0.00%,±0.1,0,±19,0.00%,±0.5,0,±21,0.00%,±0.3,9,±22,0.00%,±0.1,0,±31,0.00%,±0.1,0,±31,0.00%,±0.1,129,±114,0.00%,±0.1,9,±12,0.00%,±0.1,0,±21,0.00%,±0.2,226,±111,0.00%,±0.1,184,±125,0.00%,±0.1,0,±31,0.00%,±0.1,178,±93,0.00%,±0.1,144,±74,0.00%,±0.1,69,±51,0.00%,±0.1,220,±135,0.00%,±0.1,16,±19,0.00%,±0.1,216,±267,0.00%,±0.1,52,±66,0.00%,±0.1,36,±31,0.00%,±0.1,46,±67,0.00%,±0.1,55,±56,0.00%,±0.1,0,±13,0.00%,±1.4,1,±2,0.00%,±0.1,16,±21,0.00%,±0.1,0,±31,0.00%,±0.1,32,±50,0.00%,±0.1,0,±31,0.00%,±0.1,70,±101,0.10%,±0.2,0,±21,0.00%,±0.3,120,±103,0.00%,±0.1,12,±22,0.00%,±0.1,73,±69,0.00%,±0.1,0,±31,0.00%,±0.1,0,±31,0.00%,±0.1
            Asian,"534,659","±2,432",32.10%,±0.1,3,±6,0.20%,±0.4,519,±123,1.30%,±0.3,"11,182",±595,5.20%,±0.3,896,±235,2.00%,±0.5,164,±214,0.80%,±1.0,"212,568","±2,374",18.30%,±0.2,859,±258,3.10%,±0.9,"9,945",±454,5.20%,±0.2,"108,082","±1,520",10.70%,±0.2,985,±172,3.40%,±0.6,"4,389",±409,3.20%,±0.3,"2,710",±198,1.50%,±0.1,324,±103,1.70%,±0.5,"44,904","±1,227",5.00%,±0.1,"5,943",±448,3.90%,±0.3,923,±211,1.40%,±0.3,569,±113,1.80%,±0.4,"1,473,634","±4,986",14.80%,±0.1,"3,675",±275,2.30%,±0.2,"16,403",±696,6.30%,±0.3,230,±83,1.30%,±0.5,"1,961",±177,2.20%,±0.2,"20,601",±606,7.30%,±0.2,123,±234,1.40%,±2.7,542,±85,4.10%,±0.6,"25,927",±854,5.90%,±0.2,"10,960",±453,8.00%,±0.3,"1,641",±325,1.60%,±0.3,"688,905","±3,465",21.70%,±0.1,"35,465",±918,8.70%,±0.2,126,±92,0.60%,±0.5,"166,726","±1,991",6.90%,±0.1,"271,712","±2,428",17.20%,±0.2,"2,078",±319,3.20%,±0.5,"169,063","±1,886",7.80%,±0.1,"397,687","±3,152",12.10%,±0.1,"296,122","±1,986",34.80%,±0.2,"133,870","±2,094",17.20%,±0.3,"10,652",±905,3.80%,±0.3,"230,174","±1,564",30.50%,±0.2,"24,327",±642,5.50%,±0.1,"746,381","±2,558",38.90%,±0.1,"13,163",±600,4.90%,±0.2,"5,585",±456,3.10%,±0.3,0,±13,0.00%,±1.4,708,±158,1.60%,±0.4,"70,814","±1,459",15.70%,±0.3,"21,833",±749,4.50%,±0.2,"33,212","±1,241",6.00%,±0.2,"16,490",±536,16.60%,±0.5,"1,236",±129,1.90%,±0.2,392,±18,2.50%,±0.1,"16,955",±607,3.60%,±0.1,810,±123,1.50%,±0.2,"60,951","±1,265",7.20%,±0.2,"32,018",±912,14.70%,±0.4,"6,360",±332,7.80%,±0.4
                Asian Indian,"146,663","±4,277",8.80%,±0.3,0,±13,0.00%,±2.6,11,±15,0.00%,±0.1,806,±377,0.40%,±0.2,0,±28,0.00%,±0.1,3,±10,0.00%,±0.1,"39,628","±2,576",3.40%,±0.2,31,±36,0.10%,±0.1,"1,655",±476,0.90%,±0.2,"21,129","±2,283",2.10%,±0.2,13,±25,0.00%,±0.1,186,±146,0.10%,±0.1,307,±179,0.20%,±0.1,52,±96,0.30%,±0.5,"12,152","±1,707",1.30%,±0.2,83,±56,0.10%,±0.1,13,±30,0.00%,±0.1,0,±28,0.00%,±0.1,"99,158","±3,620",1.00%,±0.1,"1,440",±438,0.90%,±0.3,"2,284",±481,0.90%,±0.2,0,±21,0.00%,±0.2,24,±29,0.00%,±0.1,"6,273","±1,009",2.20%,±0.4,0,±19,0.00%,±0.5,2,±5,0.00%,±0.1,"2,477",±640,0.60%,±0.1,"1,525",±495,1.10%,±0.4,167,±176,0.20%,±0.2,"63,535","±3,779",2.00%,±0.1,"8,414","±1,286",2.10%,±0.3,11,±20,0.10%,±0.1,"15,786","±1,922",0.60%,±0.1,"39,527","±3,018",2.50%,±0.2,148,±140,0.20%,±0.2,"14,366","±1,496",0.70%,±0.1,"44,904","±3,019",1.40%,±0.1,"23,241","±1,735",2.70%,±0.2,"28,818","±3,040",3.70%,±0.4,"1,034",±481,0.40%,±0.2,"23,468","±1,909",3.10%,±0.3,"1,940",±397,0.40%,±0.1,"192,283","±5,519",10.00%,±0.3,"1,996",±425,0.70%,±0.2,634,±292,0.30%,±0.2,0,±13,0.00%,±1.4,91,±89,0.20%,±0.2,"4,643",±898,1.00%,±0.2,"2,711",±791,0.60%,±0.2,"8,984","±1,199",1.60%,±0.2,"11,232",±911,11.30%,±0.9,53,±85,0.10%,±0.1,0,±21,0.00%,±0.3,"1,524",±691,0.30%,±0.1,31,±31,0.10%,±0.1,"11,208","±1,225",1.30%,±0.1,"4,148",±758,1.90%,±0.3,250,±224,0.30%,±0.3
                Chinese,"183,632","±4,542",11.00%,±0.3,0,±13,0.00%,±2.6,56,±58,0.10%,±0.1,"1,309",±357,0.60%,±0.2,244,±152,0.50%,±0.3,2,±6,0.00%,±0.1,"55,407","±2,624",4.80%,±0.2,65,±81,0.20%,±0.3,"1,474",±406,0.80%,±0.2,"8,328","±1,124",0.80%,±0.1,256,±254,0.90%,±0.9,883,±378,0.60%,±0.3,640,±219,0.40%,±0.1,52,±76,0.30%,±0.4,"4,427","±1,077",0.50%,±0.1,631,±217,0.40%,±0.1,103,±73,0.20%,±0.1,116,±90,0.40%,±0.3,"469,201","±6,721",4.70%,±0.1,681,±464,0.40%,±0.3,"4,915",±546,1.90%,±0.2,27,±24,0.20%,±0.1,776,±217,0.90%,±0.2,"1,134",±442,0.40%,±0.2,65,±175,0.80%,±2.0,4,±5,0.00%,±0.1,"3,882",±699,0.90%,±0.2,899,±198,0.70%,±0.1,330,±154,0.30%,±0.2,"127,505","±5,030",4.00%,±0.2,"5,257",±747,1.30%,±0.2,69,±79,0.40%,±0.4,"28,586","±2,270",1.20%,±0.1,"47,624","±2,494",3.00%,±0.2,161,±103,0.20%,±0.2,"49,536","±2,411",2.30%,±0.1,"66,869","±3,723",2.00%,±0.1,"182,194","±3,325",21.40%,±0.4,"10,944","±1,418",1.40%,±0.2,"2,488",±530,0.90%,±0.2,"97,255","±2,932",12.90%,±0.4,"6,703",±782,1.50%,±0.2,"226,578","±4,941",11.80%,±0.3,"4,105",±486,1.50%,±0.2,866,±314,0.50%,±0.2,0,±13,0.00%,±1.4,207,±120,0.50%,±0.3,"6,582",±907,1.50%,±0.2,"4,742",±771,1.00%,±0.2,"4,244",±965,0.80%,±0.2,292,±133,0.30%,±0.1,85,±116,0.10%,±0.2,55,±50,0.30%,±0.3,"1,929",±592,0.40%,±0.1,98,±57,0.20%,±0.1,"10,731",±896,1.30%,±0.1,"12,327",±926,5.70%,±0.4,432,±259,0.50%,±0.3
                Filipino,"87,276","±3,888",5.20%,±0.2,0,±13,0.00%,±2.6,224,±113,0.60%,±0.3,"1,206",±337,0.60%,±0.2,343,±222,0.80%,±0.5,89,±178,0.40%,±0.8,"56,474","±2,706",4.90%,±0.2,104,±112,0.40%,±0.4,"3,469",±527,1.80%,±0.3,"12,801","±1,787",1.30%,±0.2,72,±96,0.30%,±0.3,537,±194,0.40%,±0.1,454,±228,0.30%,±0.1,141,±76,0.70%,±0.4,"18,257","±1,816",2.00%,±0.2,"3,505",±428,2.30%,±0.3,292,±92,0.40%,±0.1,197,±114,0.60%,±0.4,"335,080","±5,921",3.40%,±0.1,423,±210,0.30%,±0.1,"2,139",±357,0.80%,±0.1,84,±103,0.50%,±0.6,415,±145,0.50%,±0.2,"2,061",±443,0.70%,±0.2,5,±15,0.10%,±0.2,34,±84,0.30%,±0.6,"11,503","±1,063",2.60%,±0.2,"6,720",±695,4.90%,±0.5,235,±139,0.20%,±0.1,"84,459","±3,699",2.70%,±0.1,"10,978","±1,211",2.70%,±0.3,45,±54,0.20%,±0.3,"62,830","±3,328",2.60%,±0.1,"50,301","±3,018",3.20%,±0.2,"1,223",±339,1.90%,±0.5,"45,049","±2,548",2.10%,±0.1,"153,691","±3,998",4.70%,±0.1,"33,504","±2,223",3.90%,±0.3,"40,211","±2,510",5.20%,±0.3,"2,390",±448,0.80%,±0.2,"69,154","±2,876",9.20%,±0.4,"7,296",±756,1.60%,±0.2,"84,715","±3,546",4.40%,±0.2,"2,414",±451,0.90%,±0.2,841,±229,0.50%,±0.1,0,±13,0.00%,±1.4,88,±40,0.20%,±0.1,"46,788","±1,663",10.40%,±0.4,"4,898",±887,1.00%,±0.2,"6,213","±1,128",1.10%,±0.2,895,±533,0.90%,±0.5,166,±98,0.30%,±0.1,5,±14,0.00%,±0.1,"5,429",±736,1.10%,±0.2,347,±144,0.60%,±0.3,"19,249","±1,388",2.30%,±0.2,"3,842",±723,1.80%,±0.3,553,±203,0.70%,±0.2
                Japanese,"11,275",±909,0.70%,±0.1,2,±3,0.10%,±0.2,25,±28,0.10%,±0.1,250,±135,0.10%,±0.1,46,±61,0.10%,±0.1,0,±25,0.00%,±0.2,"7,710",±813,0.70%,±0.1,24,±27,0.10%,±0.1,570,±187,0.30%,±0.1,"3,353",±532,0.30%,±0.1,41,±54,0.10%,±0.2,222,±130,0.20%,±0.1,272,±152,0.20%,±0.1,33,±29,0.20%,±0.2,"1,106",±357,0.10%,±0.1,274,±146,0.20%,±0.1,82,±55,0.10%,±0.1,15,±17,0.00%,±0.1,"96,020","±3,339",1.00%,±0.1,59,±49,0.00%,±0.1,"1,701",±384,0.70%,±0.1,28,±38,0.20%,±0.2,114,±83,0.10%,±0.1,276,±115,0.10%,±0.1,0,±19,0.00%,±0.5,26,±45,0.20%,±0.3,"2,149",±363,0.50%,±0.1,236,±101,0.20%,±0.1,231,±103,0.20%,±0.1,"33,666","±2,315",1.10%,±0.1,"1,689",±371,0.40%,±0.1,0,±21,0.00%,±0.2,"4,998",±602,0.20%,±0.1,"9,998",±886,0.60%,±0.1,244,±107,0.40%,±0.2,"4,753",±847,0.20%,±0.1,"16,532","±1,337",0.50%,±0.1,"9,013",±959,1.10%,±0.1,"1,772",±328,0.20%,±0.1,"1,315",±673,0.50%,±0.2,"8,640",±864,1.10%,±0.1,"1,846",±344,0.40%,±0.1,"23,367","±1,491",1.20%,±0.1,"1,690",±381,0.60%,±0.1,200,±105,0.10%,±0.1,0,±13,0.00%,±1.4,32,±26,0.10%,±0.1,"2,421",±673,0.50%,±0.1,"1,493",±249,0.30%,±0.1,952,±437,0.20%,±0.1,382,±209,0.40%,±0.2,26,±34,0.00%,±0.1,0,±21,0.00%,±0.3,499,±206,0.10%,±0.1,106,±53,0.20%,±0.1,"3,787",±514,0.40%,±0.1,"1,763",±377,0.80%,±0.2,148,±98,0.20%,±0.1
                Korean,"20,100","±1,677",1.20%,±0.1,1,±7,0.10%,±0.5,30,±28,0.10%,±0.1,481,±232,0.20%,±0.1,19,±30,0.00%,±0.1,0,±25,0.00%,±0.2,"10,486","±1,660",0.90%,±0.1,139,±115,0.50%,±0.4,596,±215,0.30%,±0.1,"1,936",±612,0.20%,±0.1,0,±25,0.00%,±0.1,182,±104,0.10%,±0.1,650,±279,0.40%,±0.2,26,±30,0.10%,±0.2,"1,915",±607,0.20%,±0.1,182,±121,0.10%,±0.1,129,±170,0.20%,±0.3,29,±53,0.10%,±0.2,"203,328","±4,512",2.00%,±0.1,82,±57,0.10%,±0.1,"1,519",±426,0.60%,±0.2,29,±69,0.20%,±0.4,207,±132,0.20%,±0.1,640,±271,0.20%,±0.1,1,±24,0.00%,±0.3,0,±21,0.00%,±0.3,"2,286",±465,0.50%,±0.1,381,±108,0.30%,±0.1,48,±50,0.00%,±0.1,"100,266","±3,957",3.20%,±0.1,"1,651",±503,0.40%,±0.1,1,±7,0.00%,±0.1,"10,118","±1,167",0.40%,±0.1,"6,636","±1,014",0.40%,±0.1,31,±39,0.00%,±0.1,"14,844","±1,477",0.70%,±0.1,"22,444","±1,848",0.70%,±0.1,"11,812","±1,289",1.40%,±0.2,971,±271,0.10%,±0.1,904,±290,0.30%,±0.1,"7,069",±863,0.90%,±0.1,"1,774",±446,0.40%,±0.1,"34,225","±2,110",1.80%,±0.1,844,±281,0.30%,±0.1,437,±213,0.20%,±0.1,0,±13,0.00%,±1.4,18,±12,0.00%,±0.1,"1,674",±441,0.40%,±0.1,"1,191",±436,0.20%,±0.1,809,±318,0.10%,±0.1,105,±57,0.10%,±0.1,42,±56,0.10%,±0.1,12,±19,0.10%,±0.1,791,±278,0.20%,±0.1,54,±114,0.10%,±0.2,"4,423",±830,0.50%,±0.1,"2,374",±465,1.10%,±0.2,55,±45,0.10%,±0.1
                Vietnamese,"33,361","±2,584",2.00%,±0.2,0,±13,0.00%,±2.6,10,±11,0.00%,±0.1,479,±252,0.20%,±0.1,29,±47,0.10%,±0.1,4,±13,0.00%,±0.1,"11,363","±1,465",1.00%,±0.1,19,±34,0.10%,±0.1,764,±320,0.40%,±0.2,"4,302",±862,0.40%,±0.1,73,±117,0.30%,±0.4,329,±200,0.20%,±0.1,153,±122,0.10%,±0.1,8,±15,0.00%,±0.1,"2,643",±742,0.30%,±0.1,179,±119,0.10%,±0.1,34,±42,0.00%,±0.1,38,±37,0.10%,±0.1,"97,523","±4,112",1.00%,±0.1,238,±144,0.20%,±0.1,"1,587",±457,0.60%,±0.2,4,±9,0.00%,±0.1,82,±70,0.10%,±0.1,619,±308,0.20%,±0.1,3,±9,0.00%,±0.1,57,±68,0.40%,±0.5,"1,675",±449,0.40%,±0.1,279,±182,0.20%,±0.1,82,±86,0.10%,±0.1,"215,546","±5,267",6.80%,±0.2,"2,301",±651,0.60%,±0.2,0,±21,0.00%,±0.2,"18,271","±1,854",0.80%,±0.1,"32,245","±2,377",2.00%,±0.2,88,±90,0.10%,±0.1,"15,505","±1,870",0.70%,±0.1,"48,314","±2,783",1.50%,±0.1,"15,200","±1,311",1.80%,±0.2,"8,238","±1,472",1.10%,±0.2,"1,047",±316,0.40%,±0.1,"5,260",±811,0.70%,±0.1,"1,908",±512,0.40%,±0.1,"136,987","±4,538",7.10%,±0.2,625,±169,0.20%,±0.1,400,±227,0.20%,±0.1,0,±13,0.00%,±1.4,14,±23,0.00%,±0.1,"2,903",±697,0.60%,±0.2,"3,087",±648,0.60%,±0.1,"1,885",±654,0.30%,±0.1,327,±229,0.30%,±0.2,104,±119,0.20%,±0.2,0,±21,0.00%,±0.3,443,±257,0.10%,±0.1,54,±35,0.10%,±0.1,"4,721",±782,0.60%,±0.1,"1,623",±370,0.70%,±0.2,167,±174,0.20%,±0.2
                Other Asian,"52,352","±3,209",3.10%,±0.2,0,±13,0.00%,±2.6,163,±104,0.40%,±0.3,"6,651",±737,3.10%,±0.3,215,±240,0.50%,±0.5,66,±74,0.30%,±0.3,"31,500","±2,907",2.70%,±0.3,477,±303,1.70%,±1.1,"1,417",±353,0.70%,±0.2,"56,233","±2,629",5.60%,±0.3,530,±458,1.80%,±1.6,"2,050",±471,1.50%,±0.3,234,±184,0.10%,±0.1,12,±17,0.10%,±0.1,"4,404",±885,0.50%,±0.1,"1,089",±411,0.70%,±0.3,270,±219,0.40%,±0.3,174,±101,0.50%,±0.3,"173,324","±4,563",1.70%,±0.1,752,±354,0.50%,±0.2,"2,258",±453,0.90%,±0.2,58,±53,0.30%,±0.3,343,±160,0.40%,±0.2,"9,598","±1,046",3.40%,±0.4,49,±150,0.60%,±1.7,419,±167,3.20%,±1.3,"1,955",±442,0.40%,±0.1,920,±267,0.70%,±0.2,548,±231,0.50%,±0.2,"63,928","±3,024",2.00%,±0.1,"5,175",±974,1.30%,±0.2,0,±21,0.00%,±0.2,"26,137","±2,002",1.10%,±0.1,"85,381","±3,677",5.40%,±0.2,183,±124,0.30%,±0.2,"25,010","±2,232",1.10%,±0.1,"44,933","±3,192",1.40%,±0.1,"21,158","±1,792",2.50%,±0.2,"42,916","±3,076",5.50%,±0.4,"1,474",±492,0.50%,±0.2,"19,328","±1,379",2.60%,±0.2,"2,860",±598,0.60%,±0.1,"48,226","±2,704",2.50%,±0.1,"1,489",±334,0.60%,±0.1,"2,207",±402,1.20%,±0.2,0,±13,0.00%,±1.4,258,±140,0.60%,±0.3,"5,803",±776,1.30%,±0.2,"3,711",±647,0.80%,±0.1,"10,125","±1,218",1.80%,±0.2,"3,257",±841,3.30%,±0.8,760,±215,1.20%,±0.3,320,±56,2.00%,±0.4,"6,340","±1,073",1.30%,±0.2,120,±103,0.20%,±0.2,"6,832",±937,0.80%,±0.1,"5,941",±767,2.70%,±0.4,"4,755",±564,5.80%,±0.7
            Native Hawaiian and Other Pacific Islander,"12,832",±571,0.80%,±0.1,0,±13,0.00%,±2.6,15,±12,0.00%,±0.1,680,±112,0.30%,±0.1,37,±41,0.10%,±0.1,23,±29,0.10%,±0.1,"5,802",±452,0.50%,±0.1,79,±66,0.30%,±0.2,330,±110,0.20%,±0.1,"1,737",±257,0.20%,±0.1,41,±46,0.10%,±0.2,386,±149,0.30%,±0.1,59,±39,0.00%,±0.1,176,±85,0.90%,±0.5,"1,708",±397,0.20%,±0.1,375,±175,0.20%,±0.1,199,±79,0.30%,±0.1,302,±12,0.90%,±0.1,"23,400","±1,000",0.20%,±0.1,134,±76,0.10%,±0.1,430,±113,0.20%,±0.1,62,±78,0.40%,±0.5,86,±63,0.10%,±0.1,796,±89,0.30%,±0.1,0,±19,0.00%,±0.5,0,±21,0.00%,±0.3,"2,138",±342,0.50%,±0.1,422,±119,0.30%,±0.1,149,±100,0.10%,±0.1,"9,847",±723,0.30%,±0.1,626,±115,0.20%,±0.1,40,±60,0.20%,±0.3,"8,044",±697,0.30%,±0.1,"18,052",±792,1.10%,±0.1,125,±60,0.20%,±0.1,"7,333",±661,0.30%,±0.1,"13,721",±935,0.40%,±0.1,"3,312",±334,0.40%,±0.1,"4,778",±466,0.60%,±0.1,431,±117,0.20%,±0.1,"9,180",±585,1.20%,±0.1,562,±192,0.10%,±0.1,"6,993",±714,0.40%,±0.1,595,±156,0.20%,±0.1,268,±112,0.10%,±0.1,0,±13,0.00%,±1.4,188,±35,0.40%,±0.1,"4,529",±588,1.00%,±0.1,"1,605",±323,0.30%,±0.1,"3,326",±529,0.60%,±0.1,362,±36,0.40%,±0.1,28,±30,0.00%,±0.1,54,±65,0.30%,±0.4,718,±234,0.20%,±0.1,286,±175,0.50%,±0.3,"1,760",±321,0.20%,±0.1,953,±168,0.40%,±0.1,417,±148,0.50%,±0.2
                Chamorro,"1,326",±357,0.10%,±0.1,0,±13,0.00%,±2.6,5,±10,0.00%,±0.1,85,±62,0.00%,±0.1,0,±28,0.00%,±0.1,0,±25,0.00%,±0.2,492,±243,0.00%,±0.1,0,±25,0.00%,±0.1,0,±31,0.00%,±0.1,195,±130,0.00%,±0.1,0,±25,0.00%,±0.1,0,±31,0.00%,±0.1,11,±18,0.00%,±0.1,26,±32,0.10%,±0.2,194,±114,0.00%,±0.1,83,±90,0.10%,±0.1,0,±31,0.00%,±0.1,22,±41,0.10%,±0.1,"3,590",±850,0.00%,±0.1,3,±5,0.00%,±0.1,32,±45,0.00%,±0.1,44,±68,0.30%,±0.4,0,±31,0.00%,±0.1,5,±12,0.00%,±0.1,0,±19,0.00%,±0.5,0,±21,0.00%,±0.3,413,±212,0.10%,±0.1,56,±74,0.00%,±0.1,128,±102,0.10%,±0.1,"1,223",±363,0.00%,±0.1,66,±51,0.00%,±0.1,0,±21,0.00%,±0.2,"1,659",±605,0.10%,±0.1,"1,221",±455,0.10%,±0.1,30,±29,0.00%,±0.1,"1,176",±477,0.10%,±0.1,"4,219",±876,0.10%,±0.1,310,±151,0.00%,±0.1,536,±334,0.10%,±0.1,58,±59,0.00%,±0.1,298,±134,0.00%,±0.1,77,±86,0.00%,±0.1,"1,080",±452,0.10%,±0.1,23,±33,0.00%,±0.1,146,±87,0.10%,±0.1,0,±13,0.00%,±1.4,0,±28,0.00%,±0.1,"1,534",±504,0.30%,±0.1,227,±195,0.00%,±0.1,224,±231,0.00%,±0.1,70,±83,0.10%,±0.1,0,±31,0.00%,±0.1,0,±21,0.00%,±0.3,177,±110,0.00%,±0.1,11,±19,0.00%,±0.1,281,±166,0.00%,±0.1,71,±56,0.00%,±0.1,197,±119,0.20%,±0.1
                Native Hawaiian,"1,997",±382,0.10%,±0.1,0,±13,0.00%,±2.6,8,±8,0.00%,±0.1,141,±119,0.10%,±0.1,22,±37,0.00%,±0.1,0,±25,0.00%,±0.2,622,±270,0.10%,±0.1,0,±25,0.00%,±0.1,87,±68,0.00%,±0.1,233,±115,0.00%,±0.1,17,±26,0.10%,±0.1,41,±40,0.00%,±0.1,23,±29,0.00%,±0.1,111,±65,0.60%,±0.3,367,±193,0.00%,±0.1,128,±205,0.10%,±0.1,11,±17,0.00%,±0.1,22,±37,0.10%,±0.1,"3,446",±528,0.00%,±0.1,9,±13,0.00%,±0.1,50,±57,0.00%,±0.1,0,±21,0.00%,±0.2,55,±42,0.10%,±0.1,56,±56,0.00%,±0.1,0,±19,0.00%,±0.5,0,±21,0.00%,±0.3,298,±303,0.10%,±0.1,46,±40,0.00%,±0.1,20,±44,0.00%,±0.1,"2,064",±455,0.10%,±0.1,116,±75,0.00%,±0.1,0,±21,0.00%,±0.2,"1,317",±366,0.10%,±0.1,"1,025",±296,0.10%,±0.1,49,±59,0.10%,±0.1,"2,158",±620,0.10%,±0.1,"3,226",±922,0.10%,±0.1,351,±180,0.00%,±0.1,579,±274,0.10%,±0.1,76,±47,0.00%,±0.1,554,±232,0.10%,±0.1,233,±118,0.10%,±0.1,772,±239,0.00%,±0.1,294,±163,0.10%,±0.1,48,±43,0.00%,±0.1,0,±13,0.00%,±1.4,6,±15,0.00%,±0.1,422,±233,0.10%,±0.1,228,±100,0.00%,±0.1,352,±208,0.10%,±0.1,24,±22,0.00%,±0.1,0,±31,0.00%,±0.1,54,±65,0.30%,±0.4,275,±242,0.10%,±0.1,161,±180,0.30%,±0.3,489,±311,0.10%,±0.1,54,±60,0.00%,±0.1,59,±44,0.10%,±0.1
                Samoan,"2,050",±436,0.10%,±0.1,0,±13,0.00%,±2.6,0,±28,0.00%,±0.1,48,±39,0.00%,±0.1,0,±28,0.00%,±0.1,0,±25,0.00%,±0.2,"2,124",±670,0.20%,±0.1,79,±66,0.30%,±0.2,77,±78,0.00%,±0.1,515,±241,0.10%,±0.1,24,±39,0.10%,±0.1,19,±25,0.00%,±0.1,7,±13,0.00%,±0.1,13,±17,0.10%,±0.1,663,±332,0.10%,±0.1,101,±87,0.10%,±0.1,160,±102,0.20%,±0.1,5,±9,0.00%,±0.1,"8,294","±1,052",0.10%,±0.1,54,±65,0.00%,±0.1,27,±54,0.00%,±0.1,0,±21,0.00%,±0.2,0,±31,0.00%,±0.1,66,±84,0.00%,±0.1,0,±19,0.00%,±0.5,0,±21,0.00%,±0.3,421,±212,0.10%,±0.1,69,±67,0.10%,±0.1,1,±5,0.00%,±0.1,"3,482",±701,0.10%,±0.1,139,±105,0.00%,±0.1,0,±21,0.00%,±0.2,"2,602",±668,0.10%,±0.1,"1,515",±448,0.10%,±0.1,0,±31,0.00%,±0.1,"2,398",±810,0.10%,±0.1,"3,266",±685,0.10%,±0.1,"1,490",±410,0.20%,±0.1,"1,368",±493,0.20%,±0.1,217,±143,0.10%,±0.1,"2,134",±741,0.30%,±0.1,47,±48,0.00%,±0.1,"1,428",±732,0.10%,±0.1,31,±45,0.00%,±0.1,21,±30,0.00%,±0.1,0,±13,0.00%,±1.4,163,±64,0.40%,±0.1,"1,299",±530,0.30%,±0.1,139,±91,0.00%,±0.1,571,±251,0.10%,±0.1,204,±100,0.20%,±0.1,10,±16,0.00%,±0.1,0,±21,0.00%,±0.3,72,±52,0.00%,±0.1,19,±26,0.00%,±0.1,379,±175,0.00%,±0.1,124,±88,0.10%,±0.1,19,±28,0.00%,±0.1
                Other Native Hawaiian and Other Pacific Islander,"7,459",±716,0.40%,±0.1,0,±13,0.00%,±2.6,2,±3,0.00%,±0.1,406,±138,0.20%,±0.1,15,±15,0.00%,±0.1,23,±29,0.10%,±0.1,"2,564",±527,0.20%,±0.1,0,±25,0.00%,±0.1,166,±162,0.10%,±0.1,794,±294,0.10%,±0.1,0,±25,0.00%,±0.1,326,±137,0.20%,±0.1,18,±16,0.00%,±0.1,26,±21,0.10%,±0.1,484,±201,0.10%,±0.1,63,±58,0.00%,±0.1,28,±35,0.00%,±0.1,253,±60,0.80%,±0.2,"8,070","±1,033",0.10%,±0.1,68,±54,0.00%,±0.1,321,±116,0.10%,±0.1,18,±30,0.10%,±0.2,31,±43,0.00%,±0.1,669,±137,0.20%,±0.1,0,±19,0.00%,±0.5,0,±21,0.00%,±0.3,"1,006",±256,0.20%,±0.1,251,±182,0.20%,±0.1,0,±31,0.00%,±0.1,"3,078",±724,0.10%,±0.1,305,±131,0.10%,±0.1,40,±60,0.20%,±0.3,"2,466",±625,0.10%,±0.1,"14,291","±1,015",0.90%,±0.1,46,±54,0.10%,±0.1,"1,601",±534,0.10%,±0.1,"3,010",±709,0.10%,±0.1,"1,161",±254,0.10%,±0.1,"2,295",±530,0.30%,±0.1,80,±56,0.00%,±0.1,"6,194",±758,0.80%,±0.1,205,±148,0.00%,±0.1,"3,713",±899,0.20%,±0.1,247,±178,0.10%,±0.1,53,±73,0.00%,±0.1,0,±13,0.00%,±1.4,19,±28,0.00%,±0.1,"1,274",±354,0.30%,±0.1,"1,011",±292,0.20%,±0.1,"2,179",±495,0.40%,±0.1,64,±59,0.10%,±0.1,18,±26,0.00%,±0.1,0,±21,0.00%,±0.3,194,±135,0.00%,±0.1,95,±38,0.20%,±0.1,611,±199,0.10%,±0.1,704,±237,0.30%,±0.1,142,±129,0.20%,±0.2
            Some Other Race,"201,432","±5,086",12.10%,±0.3,16,±20,1.10%,±1.3,"2,095",±376,5.20%,±0.9,"11,933","±1,190",5.60%,±0.6,"1,529",±465,3.30%,±1.0,"3,885",±663,17.80%,±3.0,"148,400","±4,821",12.80%,±0.4,"1,974",±519,7.20%,±1.9,"6,360","±1,299",3.30%,±0.7,"182,307","±5,055",18.10%,±0.5,"4,085",±870,14.30%,±3.0,"7,506","±1,052",5.50%,±0.8,"62,551","±3,370",34.80%,±1.9,961,±378,5.10%,±2.0,"140,344","±6,513",15.50%,±0.7,"31,275","±2,079",20.50%,±1.4,"9,001","±1,035",13.20%,±1.5,926,±361,2.90%,±1.1,"2,253,956","±17,704",22.70%,±0.2,"46,527","±3,011",29.60%,±1.9,"20,727","±1,902",8.00%,±0.7,844,±327,4.90%,±1.9,"6,600","±1,097",7.20%,±1.2,"104,067","±3,636",36.90%,±1.3,433,±204,5.00%,±2.4,805,±420,6.10%,±3.2,"174,515","±4,464",39.90%,±1.0,"18,725","±1,652",13.60%,±1.2,"1,547",±476,1.50%,±0.5,"427,775","±7,923",13.50%,±0.2,"14,389","±1,450",3.50%,±0.4,129,±85,0.70%,±0.4,"574,403","±10,853",23.60%,±0.4,"151,033","±4,252",9.60%,±0.3,"8,429","±1,241",13.00%,±1.9,"484,024","±9,226",22.20%,±0.4,"302,584","±8,199",9.20%,±0.2,"65,487","±3,075",7.70%,±0.4,"106,602","±4,804",13.70%,±0.6,"14,824","±1,827",5.30%,±0.6,"82,367","±4,121",10.90%,±0.5,"55,000","±2,993",12.40%,±0.7,"192,570","±5,179",10.00%,±0.3,"40,948","±2,790",15.20%,±1.0,"4,810",±703,2.60%,±0.4,147,±124,5.00%,±4.2,"1,173",±299,2.70%,±0.7,"49,978","±2,950",11.10%,±0.7,"66,293","±3,164",13.60%,±0.6,"70,595","±3,977",12.80%,±0.7,"10,863","±1,330",11.00%,±1.3,"4,530","±1,187",6.90%,±1.8,"1,028",±381,6.50%,±2.4,"117,855","±5,215",24.90%,±1.1,"1,803",±301,3.30%,±0.5,"70,380","±3,554",8.40%,±0.4,"17,605","±1,817",8.10%,±0.8,"6,049","±1,097",7.40%,±1.3
        Two or More Races,"165,327","±4,933",9.90%,±0.3,144,±78,9.50%,±4.7,"4,179",±515,10.30%,±1.3,"21,743","±1,313",10.20%,±0.6,"4,196",±565,9.20%,±1.2,"3,751",±715,17.20%,±3.3,"143,973","±5,287",12.40%,±0.5,"2,869",±511,10.40%,±1.9,"14,534","±1,015",7.60%,±0.5,"173,720","±5,916",17.20%,±0.6,"3,427",±572,12.00%,±2.0,"14,392","±1,068",10.60%,±0.8,"36,156","±2,969",20.10%,±1.7,"2,402",±395,12.80%,±2.1,"154,003","±5,774",17.00%,±0.6,"23,798","±1,719",15.60%,±1.1,"6,080","±1,001",8.90%,±1.5,"3,857",±514,12.10%,±1.6,"1,355,710","±15,512",13.60%,±0.2,"23,550","±2,336",15.00%,±1.5,"23,361","±1,566",9.00%,±0.6,"1,535",±357,9.00%,±2.1,"11,226","±1,256",12.30%,±1.4,"27,695","±2,443",9.80%,±0.9,463,±247,5.40%,±2.9,"1,188",±450,9.00%,±3.4,"47,884","±2,993",10.90%,±0.7,"16,038","±1,320",11.70%,±1.0,"8,082",±808,7.90%,±0.8,"381,051","±8,353",12.00%,±0.3,"41,096","±2,293",10.10%,±0.6,"1,422",±256,7.20%,±1.3,"361,725","±9,531",14.90%,±0.4,"188,913","±5,439",12.00%,±0.3,"17,413","±1,457",26.90%,±2.2,"347,453","±9,586",15.90%,±0.4,"490,015","±8,985",14.90%,±0.3,"80,858","±2,881",9.50%,±0.3,"143,390","±6,032",18.40%,±0.8,"33,478","±1,917",11.90%,±0.7,"81,220","±3,281",10.80%,±0.4,"80,129","±3,390",18.00%,±0.8,"218,953","±6,236",11.40%,±0.3,"31,913","±2,088",11.90%,±0.8,"17,530","±1,249",9.60%,±0.7,84,±64,2.90%,±2.2,"4,636",±403,10.50%,±0.9,"55,127","±2,863",12.20%,±0.6,"55,373","±2,924",11.30%,±0.6,"106,332","±4,987",19.30%,±0.9,"14,077","±1,357",14.20%,±1.4,"9,372","±1,355",14.30%,±2.1,866,±381,5.50%,±2.4,"82,920","±4,511",17.50%,±1.0,"4,078",±465,7.40%,±0.8,"138,883","±5,053",16.50%,±0.6,"31,311","±2,228",14.40%,±1.0,"12,102","±1,214",14.80%,±1.5
            White and Black or African American,"15,020","±1,524",0.90%,±0.1,0,±13,0.00%,±2.6,306,±134,0.80%,±0.3,"2,037",±325,1.00%,±0.2,184,±166,0.40%,±0.4,51,±46,0.20%,±0.2,"10,825","±1,311",0.90%,±0.1,258,±192,0.90%,±0.7,"1,273",±199,0.70%,±0.1,"8,904","±1,131",0.90%,±0.1,22,±39,0.10%,±0.1,"1,335",±284,1.00%,±0.2,597,±389,0.30%,±0.2,172,±66,0.90%,±0.4,"6,957","±1,137",0.80%,±0.1,"1,835",±511,1.20%,±0.3,227,±144,0.30%,±0.2,285,±186,0.90%,±0.6,"64,714","±3,428",0.70%,±0.1,"1,281",±505,0.80%,±0.3,"1,908",±555,0.70%,±0.2,20,±29,0.10%,±0.2,691,±256,0.80%,±0.3,"1,905",±446,0.70%,±0.2,12,±29,0.10%,±0.3,0,±21,0.00%,±0.3,"2,703",±518,0.60%,±0.1,782,±217,0.60%,±0.2,564,±105,0.60%,±0.1,"17,126","±1,317",0.50%,±0.1,"3,020",±591,0.70%,±0.1,162,±166,0.80%,±0.8,"20,339","±2,045",0.80%,±0.1,"27,873","±2,495",1.80%,±0.2,380,±99,0.60%,±0.2,"24,720","±2,508",1.10%,±0.1,"30,318","±2,417",0.90%,±0.1,"6,764",±946,0.80%,±0.1,"6,947",±856,0.90%,±0.1,"2,140",±544,0.80%,±0.2,"4,170",±603,0.60%,±0.1,"2,479",±538,0.60%,±0.1,"11,421","±1,305",0.60%,±0.1,"2,024",±388,0.80%,±0.1,"1,761",±343,1.00%,±0.2,0,±13,0.00%,±1.4,299,±113,0.70%,±0.3,"6,882",±886,1.50%,±0.2,"4,066",±611,0.80%,±0.1,"3,324",±907,0.60%,±0.2,"1,230",±333,1.20%,±0.3,258,±158,0.40%,±0.2,17,±34,0.10%,±0.2,"1,952",±505,0.40%,±0.1,222,±134,0.40%,±0.2,"5,724",±740,0.70%,±0.1,"1,902",±432,0.90%,±0.2,995,±373,1.20%,±0.5
            White and American Indian and Alaska Native,"6,763",±937,0.40%,±0.1,40,±30,2.60%,±2.0,735,±223,1.80%,±0.5,"5,105",±488,2.40%,±0.2,"1,079",±230,2.40%,±0.5,328,±91,1.50%,±0.4,"7,974",±639,0.70%,±0.1,843,±257,3.10%,±0.9,"2,671",±331,1.40%,±0.2,"8,371",±855,0.80%,±0.1,383,±88,1.30%,±0.3,"4,389",±546,3.20%,±0.4,604,±254,0.30%,±0.1,692,±263,3.70%,±1.4,"7,628",±734,0.80%,±0.1,935,±197,0.60%,±0.1,"1,737",±468,2.60%,±0.7,655,±144,2.10%,±0.5,"42,151","±2,207",0.40%,±0.1,"2,472",±868,1.60%,±0.6,"2,026",±470,0.80%,±0.2,671,±195,3.90%,±1.1,"2,546",±460,2.80%,±0.5,"1,871",±335,0.70%,±0.1,123,±110,1.40%,±1.3,449,±247,3.40%,±1.9,"3,329",±406,0.80%,±0.1,"1,133",±169,0.80%,±0.1,"1,823",±240,1.80%,±0.2,"17,240","±1,005",0.50%,±0.1,"4,343",±399,1.10%,±0.1,503,±246,2.60%,±1.2,"18,323","±1,410",0.80%,±0.1,"14,069",±787,0.90%,±0.1,917,±311,1.40%,±0.5,"15,917","±1,348",0.70%,±0.1,"21,251","±1,228",0.60%,±0.1,"3,351",±388,0.40%,±0.1,"20,032","±2,230",2.60%,±0.3,"2,824",±304,1.00%,±0.1,"3,602",±590,0.50%,±0.1,"4,049",±494,0.90%,±0.1,"9,437",±961,0.50%,±0.1,"2,786",±257,1.00%,±0.1,"4,580",±491,2.50%,±0.3,24,±19,0.80%,±0.7,"1,740",±262,4.00%,±0.6,"3,131",±432,0.70%,±0.1,"5,949",±814,1.20%,±0.2,"5,057",±602,0.90%,±0.1,"1,661",±504,1.70%,±0.5,"1,515",±255,2.30%,±0.4,429,±210,2.70%,±1.3,"4,794",±611,1.00%,±0.1,"1,219",±213,2.20%,±0.4,"8,829","±1,063",1.00%,±0.1,"2,170",±397,1.00%,±0.2,"2,078",±252,2.50%,±0.3
            White and Asian,"41,184","±2,089",2.50%,±0.1,0,±13,0.00%,±2.6,431,±191,1.10%,±0.5,"2,675",±521,1.30%,±0.2,262,±207,0.60%,±0.5,97,±53,0.40%,±0.2,"27,897","±1,811",2.40%,±0.2,133,±108,0.50%,±0.4,"2,980",±452,1.60%,±0.2,"9,761","±1,313",1.00%,±0.1,136,±127,0.50%,±0.4,"1,767",±394,1.30%,±0.3,293,±155,0.20%,±0.1,156,±81,0.80%,±0.4,"6,771","±1,145",0.70%,±0.1,"1,185",±362,0.80%,±0.2,333,±170,0.50%,±0.2,108,±65,0.30%,±0.2,"131,184","±4,376",1.30%,±0.1,667,±272,0.40%,±0.2,"5,982",±671,2.30%,±0.3,129,±88,0.80%,±0.5,595,±173,0.70%,±0.2,"1,946",±535,0.70%,±0.2,27,±34,0.30%,±0.4,86,±85,0.70%,±0.6,"4,489",±632,1.00%,±0.1,"1,854",±393,1.30%,±0.3,"1,013",±205,1.00%,±0.2,"66,983","±3,475",2.10%,±0.1,"8,024",±767,2.00%,±0.2,17,±24,0.10%,±0.1,"26,000","±1,665",1.10%,±0.1,"30,673","±2,067",1.90%,±0.1,"1,152",±372,1.80%,±0.6,"20,157","±2,043",0.90%,±0.1,"71,648","±2,773",2.20%,±0.1,"26,165","±1,892",3.10%,±0.2,"11,348","±1,360",1.50%,±0.2,"4,533",±607,1.60%,±0.2,"20,409","±1,411",2.70%,±0.2,"6,271",±684,1.40%,±0.2,"44,045","±2,070",2.30%,±0.1,"3,992",±454,1.50%,±0.2,"2,103",±444,1.20%,±0.2,0,±13,0.00%,±1.4,399,±122,0.90%,±0.3,"12,154","±1,522",2.70%,±0.3,"6,671",±721,1.40%,±0.1,"5,127",±950,0.90%,±0.2,"1,486",±475,1.50%,±0.5,113,±125,0.20%,±0.2,0,±21,0.00%,±0.3,"2,252",±559,0.50%,±0.1,395,±156,0.70%,±0.3,"12,860","±1,184",1.50%,±0.1,"5,639",±898,2.60%,±0.4,786,±356,1.00%,±0.4
            White and Some Other Race,"60,877","±3,085",3.70%,±0.2,87,±72,5.70%,±4.3,"1,857",±577,4.60%,±1.4,"9,329","±1,130",4.40%,±0.5,"2,179",±461,4.80%,±1.0,"3,011",±653,13.80%,±3.0,"64,849","±4,451",5.60%,±0.4,"1,217",±357,4.40%,±1.3,"5,570",±691,2.90%,±0.4,"126,948","±5,936",12.60%,±0.6,"2,734",±556,9.50%,±1.9,"4,323",±792,3.20%,±0.6,"31,681","±2,890",17.60%,±1.6,"1,240",±317,6.60%,±1.7,"119,177","±5,598",13.10%,±0.6,"17,564","±1,703",11.50%,±1.1,"2,872",±742,4.20%,±1.1,"2,580",±419,8.10%,±1.3,"918,921","±16,297",9.20%,±0.2,"15,620","±2,060",9.90%,±1.3,"10,400","±1,258",4.00%,±0.5,476,±209,2.80%,±1.2,"6,671","±1,199",7.30%,±1.3,"17,221","±2,185",6.10%,±0.8,224,±168,2.60%,±1.9,446,±276,3.40%,±2.1,"29,023","±2,781",6.60%,±0.6,"9,799","±1,348",7.10%,±1.0,"3,732",±687,3.60%,±0.7,"229,564","±7,024",7.20%,±0.2,"17,689","±1,647",4.40%,±0.4,458,±181,2.30%,±0.9,"244,382","±8,690",10.10%,±0.4,"68,965","±3,354",4.40%,±0.2,"13,467","±1,425",20.80%,±2.2,"237,098","±7,712",10.90%,±0.4,"297,728","±8,573",9.10%,±0.3,"28,771","±2,148",3.40%,±0.3,"64,985","±4,235",8.30%,±0.5,"20,775","±1,658",7.40%,±0.6,"38,783","±2,991",5.10%,±0.4,"60,659","±3,393",13.60%,±0.8,"119,018","±5,370",6.20%,±0.3,"19,021","±1,905",7.10%,±0.7,"6,640",±969,3.70%,±0.5,60,±63,2.10%,±2.2,"1,644",±295,3.70%,±0.7,"17,581","±1,478",3.90%,±0.3,"29,747","±2,208",6.10%,±0.5,"80,821","±4,390",14.60%,±0.8,"7,807","±1,113",7.90%,±1.1,"6,759","±1,262",10.30%,±1.9,392,±253,2.50%,±1.6,"66,538","±4,559",14.10%,±1.0,"1,606",±312,2.90%,±0.6,"97,103","±4,329",11.50%,±0.5,"16,571","±2,103",7.60%,±1.0,"5,447","±1,033",6.70%,±1.3
            Black or African American and American Indian and Alaska Native,"2,297",±529,0.10%,±0.1,0,±13,0.00%,±2.6,60,±57,0.10%,±0.1,79,±63,0.00%,±0.1,49,±62,0.10%,±0.1,20,±26,0.10%,±0.1,"1,865",±591,0.20%,±0.1,3,±5,0.00%,±0.1,0,±31,0.00%,±0.1,857,±331,0.10%,±0.1,0,±25,0.00%,±0.1,34,±34,0.00%,±0.1,104,±59,0.10%,±0.1,5,±7,0.00%,±0.1,507,±186,0.10%,±0.1,69,±79,0.00%,±0.1,53,±53,0.10%,±0.1,12,±15,0.00%,±0.1,"10,144",±968,0.10%,±0.1,203,±97,0.10%,±0.1,75,±70,0.00%,±0.1,27,±23,0.20%,±0.1,69,±47,0.10%,±0.1,193,±174,0.10%,±0.1,0,±19,0.00%,±0.5,0,±21,0.00%,±0.3,147,±93,0.00%,±0.1,133,±146,0.10%,±0.1,34,±32,0.00%,±0.1,"1,016",±315,0.00%,±0.1,65,±64,0.00%,±0.1,0,±21,0.00%,±0.2,"2,024",±562,0.10%,±0.1,"3,965",±956,0.30%,±0.1,9,±15,0.00%,±0.1,"3,571",±976,0.20%,±0.1,"2,921",±732,0.10%,±0.1,780,±294,0.10%,±0.1,"1,299",±550,0.20%,±0.1,53,±47,0.00%,±0.1,350,±163,0.00%,±0.1,136,±83,0.00%,±0.1,853,±334,0.00%,±0.1,138,±143,0.10%,±0.1,42,±32,0.00%,±0.1,0,±13,0.00%,±1.4,48,±29,0.10%,±0.1,"1,286",±613,0.30%,±0.1,186,±88,0.00%,±0.1,307,±203,0.10%,±0.1,95,±62,0.10%,±0.1,28,±38,0.00%,±0.1,0,±21,0.00%,±0.3,154,±106,0.00%,±0.1,20,±16,0.00%,±0.1,228,±135,0.00%,±0.1,201,±154,0.10%,±0.1,294,±208,0.40%,±0.3
            Black or African American and Some Other Race,"3,784",±624,0.20%,±0.1,0,±13,0.00%,±2.6,105,±97,0.30%,±0.2,141,±82,0.10%,±0.1,1,±4,0.00%,±0.1,44,±59,0.20%,±0.3,"3,107",±953,0.30%,±0.1,0,±25,0.00%,±0.1,51,±47,0.00%,±0.1,"1,871",±521,0.20%,±0.1,0,±25,0.00%,±0.1,224,±220,0.20%,±0.2,322,±262,0.20%,±0.1,0,±21,0.00%,±0.2,"1,601",±582,0.20%,±0.1,311,±185,0.20%,±0.1,1,±4,0.00%,±0.1,7,±13,0.00%,±0.1,"26,300","±1,880",0.30%,±0.1,110,±56,0.10%,±0.1,406,±234,0.20%,±0.1,4,±10,0.00%,±0.1,0,±31,0.00%,±0.1,755,±526,0.30%,±0.2,0,±19,0.00%,±0.5,0,±21,0.00%,±0.3,527,±216,0.10%,±0.1,4,±11,0.00%,±0.1,1,±5,0.00%,±0.1,"3,095",±670,0.10%,±0.1,234,±135,0.10%,±0.1,0,±21,0.00%,±0.2,"6,988","±1,200",0.30%,±0.1,"3,770",±799,0.20%,±0.1,18,±24,0.00%,±0.1,"6,050","±1,516",0.30%,±0.1,"5,083",±788,0.20%,±0.1,"1,059",±444,0.10%,±0.1,"1,624",±883,0.20%,±0.1,583,±433,0.20%,±0.2,777,±300,0.10%,±0.1,594,±363,0.10%,±0.1,"2,069",±578,0.10%,±0.1,211,±133,0.10%,±0.1,42,±47,0.00%,±0.1,0,±13,0.00%,±1.4,2,±4,0.00%,±0.1,963,±343,0.20%,±0.1,252,±162,0.10%,±0.1,711,±310,0.10%,±0.1,155,±96,0.20%,±0.1,74,±120,0.10%,±0.2,0,±21,0.00%,±0.3,392,±156,0.10%,±0.1,1,±2,0.00%,±0.1,"1,036",±377,0.10%,±0.1,117,±94,0.10%,±0.1,195,±116,0.20%,±0.1
Race alone or in combination with one or more other races,,,,,,,,,,,,,,,,,,,,,,,,,,,,,,,,,,,,,,,,,,,,,,,,,,,,,,,,,,,,,,,,,,,,,,,,,,,,,,,,,,,,,,,,,,,,,,,,,,,,,,,,,,,,,,,,,,,,,,,,,,,,,,,,,,,,,,,,,,,,,,,,,,,,,,,,,,,,,,,,,,,,,,,,,,,,,,,,,,,,,,,,,,,,,,,,,,,,,,,,,,,,,,,,,,,,,,,,,,,,,,,,,,,,,,,,
    Total population,"1,663,823",*****,"1,663,823",(X),"1,515",±206,"1,515",(X),"40,577",*****,"40,577",(X),"213,605",*****,"213,605",(X),"45,674",*****,"45,674",(X),"21,811",*****,"21,811",(X),"1,162,648",*****,"1,162,648",(X),"27,462",*****,"27,462",(X),"191,713",*****,"191,713",(X),"1,008,280",*****,"1,008,280",(X),"28,657",*****,"28,657",(X),"136,132",*****,"136,132",(X),"179,578",*****,"179,578",(X),"18,829",*****,"18,829",(X),"906,883",*****,"906,883",(X),"152,515",*****,"152,515",(X),"68,024",*****,"68,024",(X),"31,873",*****,"31,873",(X),"9,936,690",*****,"9,936,690",(X),"157,243",*****,"157,243",(X),"260,485",*****,"260,485",(X),"17,130",*****,"17,130",(X),"91,145",*****,"91,145",(X),"282,290",*****,"282,290",(X),"8,651",*****,"8,651",(X),"13,219",*****,"13,219",(X),"437,609",*****,"437,609",(X),"137,384",*****,"137,384",(X),"102,322",*****,"102,322",(X),"3,175,227",*****,"3,175,227",(X),"406,608",*****,"406,608",(X),"19,650",*****,"19,650",(X),"2,429,487",*****,"2,429,487",(X),"1,579,211",*****,"1,579,211",(X),"64,753",*****,"64,753",(X),"2,180,563",*****,"2,180,563",(X),"3,289,701",*****,"3,289,701",(X),"851,036",*****,"851,036",(X),"779,445",*****,"779,445",(X),"281,712",*****,"281,712",(X),"754,250",*****,"754,250",(X),"445,213",*****,"445,213",(X),"1,916,831",*****,"1,916,831",(X),"268,571",*****,"268,571",(X),"181,852",*****,"181,852",(X),"2,916",±206,"2,916",(X),"44,049",*****,"44,049",(X),"450,995",*****,"450,995",(X),"488,436",*****,"488,436",(X),"552,063",*****,"552,063",(X),"99,101",*****,"99,101",(X),"65,484",*****,"65,484",(X),"15,889",*****,"15,889",(X),"473,446",*****,"473,446",(X),"54,993",*****,"54,993",(X),"842,009",*****,"842,009",(X),"217,141",*****,"217,141",(X),"81,705",*****,"81,705",(X)
        White,"707,681","±5,630",42.50%,±0.3,"1,098",±193,72.50%,±4.7,"36,405",±430,89.70%,±1.1,"182,482","±1,353",85.40%,±0.6,"42,017",±669,92.00%,±1.5,"16,951",±675,77.70%,±3.1,"669,514","±5,131",57.60%,±0.4,"21,802",±635,79.40%,±2.3,"172,164","±1,440",89.80%,±0.8,"647,086","±5,616",64.20%,±0.6,"22,748",±911,79.40%,±3.2,"115,647","±1,168",85.00%,±0.9,"105,393","±3,665",58.70%,±2.0,"15,274",±356,81.10%,±1.9,"656,760","±6,820",72.40%,±0.8,"101,277","±2,226",66.40%,±1.5,"54,055","±1,073",79.50%,±1.6,"26,596",±475,83.40%,±1.5,"5,180,382","±18,492",52.10%,±0.2,"98,925","±2,952",62.90%,±1.9,"214,250","±1,979",82.30%,±0.8,"15,480",±425,90.40%,±2.5,"78,104","±1,126",85.70%,±1.2,"141,771","±3,553",50.20%,±1.3,"7,632",±246,88.20%,±2.8,"11,516",±469,87.10%,±3.5,"217,730","±4,358",49.80%,±1.0,"102,333","±1,807",74.50%,±1.3,"97,987",±665,95.80%,±0.7,"1,949,205","±9,058",61.40%,±0.3,"345,177","±1,873",84.90%,±0.5,"18,669",±252,95.00%,±1.3,"1,474,563","±11,193",60.70%,±0.5,"948,382","±4,973",60.10%,±0.3,"51,819","±1,352",80.00%,±2.1,"1,295,469","±9,590",59.40%,±0.4,"2,357,474","±9,635",71.70%,±0.3,"428,856","±3,415",50.40%,±0.4,"459,369","±5,550",58.90%,±0.7,"248,417","±2,181",88.20%,±0.8,"401,498","±4,046",53.20%,±0.5,"347,847","±3,173",78.10%,±0.7,"895,135","±6,063",46.70%,±0.3,"206,500","±2,688",76.90%,±1.0,"165,475",±995,91.00%,±0.5,"2,684",±179,92.00%,±5.0,"39,687",±365,90.10%,±0.8,"254,581","±3,220",56.40%,±0.7,"382,381","±3,307",78.30%,±0.7,"416,582","±4,042",75.50%,±0.7,"66,879","±1,395",67.50%,±1.4,"57,878","±1,255",88.40%,±1.9,"13,690",±455,86.20%,±2.9,"320,482","±5,234",67.70%,±1.1,"50,210",±403,91.30%,±0.7,"677,603","±4,230",80.50%,±0.5,"156,875","±2,116",72.20%,±1.0,"63,635","±1,299",77.90%,±1.6
        Black or African American,"203,307","±1,620",12.20%,±0.1,0,±13,0.00%,±2.6,"1,437",±104,3.50%,±0.3,"6,624",±288,3.10%,±0.1,735,±119,1.60%,±0.3,492,±116,2.30%,±0.5,"126,464","±1,670",10.90%,±0.1,"1,035",±169,3.80%,±0.6,"3,131",±240,1.60%,±0.1,"61,330","±1,380",6.10%,±0.1,129,±78,0.50%,±0.3,"4,173",±432,3.10%,±0.3,"6,345",±819,3.50%,±0.5,373,±68,2.00%,±0.4,"59,911","±1,423",6.60%,±0.2,"12,519",±489,8.20%,±0.3,"2,221",±254,3.30%,±0.4,"3,089",±242,9.70%,±0.8,"929,713","±3,674",9.40%,±0.1,"6,229",±268,4.00%,±0.2,"9,551",±568,3.70%,±0.2,253,±141,1.50%,±0.8,"1,512",±148,1.70%,±0.2,"12,467",±738,4.40%,±0.3,178,±19,2.10%,±0.5,96,±84,0.70%,±0.6,"15,009",±609,3.40%,±0.1,"4,327",±280,3.10%,±0.2,"1,189",±153,1.20%,±0.1,"85,995","±2,178",2.70%,±0.1,"12,577",±583,3.10%,±0.1,650,±292,3.30%,±1.5,"199,223","±2,510",8.20%,±0.1,"203,489","±2,144",12.90%,±0.1,"1,117",±118,1.70%,±0.2,"219,504","±2,665",10.10%,±0.1,"215,867","±2,483",6.60%,±0.1,"58,145","±1,593",6.80%,±0.2,"71,188","±1,038",9.10%,±0.1,"7,064",±403,2.50%,±0.1,"25,743",±760,3.40%,±0.1,"12,747",±627,2.90%,±0.1,"67,396","±1,470",3.50%,±0.1,"6,268",±502,2.30%,±0.2,"4,325",±378,2.40%,±0.2,7,±2,0.20%,±0.1,"1,180",±101,2.70%,±0.2,"74,493","±1,178",16.50%,±0.3,"13,871",±525,2.80%,±0.1,"22,537",±833,4.10%,±0.2,"3,877",±355,3.90%,±0.4,"1,116",±266,1.70%,±0.4,235,±123,1.50%,±0.8,"11,223",±919,2.40%,±0.2,"1,160",±217,2.10%,±0.4,"25,949","±1,036",3.10%,±0.1,"9,252",±503,4.30%,±0.2,"5,599",±660,6.90%,±0.8
        American Indian and Alaska Native,"33,244","±2,407",2.00%,±0.1,446,±59,29.40%,±4.5,"1,680",±221,4.10%,±0.5,"8,790",±632,4.10%,±0.3,"1,783",±277,3.90%,±0.6,715,±129,3.30%,±0.6,"28,584","±2,090",2.50%,±0.2,"2,879",±212,10.50%,±0.8,"4,592",±374,2.40%,±0.2,"30,037","±2,332",3.00%,±0.2,"1,189",±251,4.10%,±0.9,"11,576",±479,8.50%,±0.4,"4,351",±813,2.40%,±0.5,"2,552",±276,13.60%,±1.5,"22,570","±1,768",2.50%,±0.2,"4,166",±573,2.70%,±0.4,"4,278",±571,6.30%,±0.8,"1,529",±144,4.80%,±0.5,"239,986","±6,185",2.40%,±0.1,"6,747","±1,244",4.30%,±0.8,"4,380",±737,1.70%,±0.3,"1,168",±220,6.80%,±1.3,"6,444",±527,7.10%,±0.6,"6,999",±924,2.50%,±0.3,429,±240,5.00%,±2.8,750,±270,5.70%,±2.0,"9,751","±1,110",2.20%,±0.3,"3,388",±454,2.50%,±0.3,"2,605",±324,2.50%,±0.3,"54,170","±2,326",1.70%,±0.1,"9,088",±928,2.20%,±0.2,992,±303,5.00%,±1.5,"63,325","±3,135",2.60%,±0.1,"44,761","±2,314",2.80%,±0.1,"2,586",±523,4.00%,±0.8,"61,204","±3,353",2.80%,±0.2,"70,574","±3,518",2.10%,±0.1,"12,848","±1,064",1.50%,±0.1,"52,428","±3,055",6.70%,±0.4,"6,162",±913,2.20%,±0.3,"13,859","±1,456",1.80%,±0.2,"12,834","±1,187",2.90%,±0.3,"33,188","±1,887",1.70%,±0.1,"7,470",±805,2.80%,±0.3,"9,046",±649,5.00%,±0.4,102,±76,3.50%,±2.6,"3,454",±260,7.80%,±0.6,"10,901","±1,191",2.40%,±0.3,"15,802","±1,171",3.20%,±0.2,"16,584","±1,630",3.00%,±0.3,"3,983",±704,4.00%,±0.7,"2,929",±423,4.50%,±0.6,960,±128,6.00%,±0.8,"15,404","±1,287",3.30%,±0.3,"2,380",±274,4.30%,±0.5,"24,811","±1,944",2.90%,±0.2,"5,543",±791,2.60%,±0.4,"4,458",±551,5.50%,±0.7
        Asian,"597,942","±1,570",35.90%,±0.1,8,±9,0.50%,±0.6,"1,198",±227,3.00%,±0.6,"14,811",±307,6.90%,±0.1,"1,432",±129,3.10%,±0.3,415,±73,1.90%,±0.3,"256,553","±1,793",22.10%,±0.2,"1,357",±146,4.90%,±0.5,"13,917",±363,7.30%,±0.2,"126,002","±1,422",12.50%,±0.1,"1,122",±83,3.90%,±0.3,"7,108",±291,5.20%,±0.2,"3,617",±430,2.00%,±0.2,500,±73,2.70%,±0.4,"57,172","±1,262",6.30%,±0.1,"8,100",±298,5.30%,±0.2,"1,466",±221,2.20%,±0.3,777,±79,2.40%,±0.2,"1,674,850","±3,996",16.90%,±0.1,"5,195",±453,3.30%,±0.3,"23,535",±499,9.00%,±0.2,421,±75,2.50%,±0.4,"2,780",±121,3.10%,±0.1,"24,532",±654,8.70%,±0.2,189,±239,2.20%,±2.8,741,±75,5.60%,±0.6,"34,793",±818,8.00%,±0.2,"14,108",±328,10.30%,±0.2,"3,106",±287,3.00%,±0.3,"781,694","±1,943",24.60%,±0.1,"47,611",±723,11.70%,±0.2,170,±103,0.90%,±0.5,"211,343","±2,205",8.70%,±0.1,"323,770","±1,752",20.50%,±0.1,"4,022",±463,6.20%,±0.7,"208,236","±2,361",9.50%,±0.1,"502,132","±2,305",15.30%,±0.1,"331,359","±1,281",38.90%,±0.2,"159,150","±1,713",20.40%,±0.2,"16,560",±753,5.90%,±0.3,"258,463","±1,374",34.30%,±0.2,"33,426",±617,7.50%,±0.1,"808,992","±1,555",42.20%,±0.1,"18,800",±455,7.00%,±0.2,"8,715",±262,4.80%,±0.1,0,±13,0.00%,±1.4,"1,384",±75,3.10%,±0.2,"91,454","±1,077",20.30%,±0.2,"32,053",±642,6.60%,±0.1,"42,251",±771,7.70%,±0.1,"18,962",±338,19.10%,±0.3,"1,587",±199,2.40%,±0.3,392,±18,2.50%,±0.1,"21,787",±647,4.60%,±0.1,"1,647",±213,3.00%,±0.4,"80,008",±916,9.50%,±0.1,"40,432",±697,18.60%,±0.3,"8,124",±477,9.90%,±0.6
        Native Hawaiian and Other Pacific Islander,"24,359","±1,020",1.50%,±0.1,2,±4,0.10%,±0.3,203,±43,0.50%,±0.1,"1,556",±301,0.70%,±0.1,295,±189,0.60%,±0.4,164,±221,0.80%,±1.0,"13,615","±1,426",1.20%,±0.1,386,±236,1.40%,±0.9,"1,299",±306,0.70%,±0.2,"5,236",±876,0.50%,±0.1,92,±65,0.30%,±0.2,"1,175",±285,0.90%,±0.2,642,±727,0.40%,±0.4,258,±122,1.40%,±0.6,"4,784","±1,398",0.50%,±0.2,"1,127",±331,0.70%,±0.2,368,±41,0.50%,±0.1,323,±14,1.00%,±0.1,"56,893","±1,712",0.60%,±0.1,486,±146,0.30%,±0.1,"1,314",±323,0.50%,±0.1,79,±81,0.50%,±0.5,345,±53,0.40%,±0.1,"1,125",±121,0.40%,±0.1,24,±27,0.30%,±0.3,4,±8,0.00%,±0.1,"4,792",±773,1.10%,±0.2,"1,051",±190,0.80%,±0.1,378,±66,0.40%,±0.1,"23,047","±1,300",0.70%,±0.1,"3,710",±558,0.90%,±0.1,151,±188,0.80%,±1.0,"18,289","±1,093",0.80%,±0.1,"29,125","±1,303",1.80%,±0.1,541,±234,0.80%,±0.4,"16,493","±1,545",0.80%,±0.1,"33,361","±1,424",1.00%,±0.1,"6,945",±611,0.80%,±0.1,"11,734","±1,229",1.50%,±0.2,"1,291",±258,0.50%,±0.1,"13,672",±606,1.80%,±0.1,"2,326",±367,0.50%,±0.1,"16,157","±1,021",0.80%,±0.1,"1,262",±271,0.50%,±0.1,"1,164",±238,0.60%,±0.1,0,±13,0.00%,±1.4,368,±97,0.80%,±0.2,"9,573",±907,2.10%,±0.2,"4,312",±585,0.90%,±0.1,"7,439","±1,274",1.30%,±0.2,929,±301,0.90%,±0.3,64,±51,0.10%,±0.1,78,±77,0.50%,±0.5,"1,559",±281,0.30%,±0.1,505,±241,0.90%,±0.4,"5,618",±922,0.70%,±0.1,"2,450",±422,1.10%,±0.2,750,±172,0.90%,±0.2
        Some Other Race,"281,829","±4,480",16.90%,±0.3,118,±78,7.80%,±4.6,"4,243",±547,10.50%,±1.3,"22,685","±1,300",10.60%,±0.6,"3,845",±580,8.40%,±1.3,"6,989",±757,32.00%,±3.5,"229,271","±3,979",19.70%,±0.3,"3,239",±485,11.80%,±1.8,"12,700","±1,360",6.60%,±0.7,"322,805","±6,064",32.00%,±0.6,"6,929",±986,24.20%,±3.4,"12,513","±1,072",9.20%,±0.8,"96,799","±3,475",53.90%,±1.9,"2,307",±425,12.30%,±2.3,"267,552","±6,586",29.50%,±0.7,"50,054","±2,390",32.80%,±1.6,"12,268",±970,18.00%,±1.4,"3,572",±442,11.20%,±1.4,"3,302,017","±17,350",33.20%,±0.2,"64,745","±3,157",41.20%,±2.0,"32,614","±1,746",12.50%,±0.7,"1,488",±337,8.70%,±2.0,"13,595","±1,547",14.90%,±1.7,"124,737","±3,350",44.20%,±1.2,706,±238,8.20%,±2.7,"1,398",±556,10.60%,±4.2,"208,021","±3,384",47.50%,±0.8,"29,623","±1,815",21.60%,±1.3,"5,768",±818,5.60%,±0.8,"685,691","±7,345",21.60%,±0.2,"35,813","±1,996",8.80%,±0.5,611,±190,3.10%,±1.0,"852,887","±9,958",35.10%,±0.4,"241,499","±5,116",15.30%,±0.3,"22,963","±1,651",35.50%,±2.5,"750,823","±9,152",34.40%,±0.4,"633,489","±8,778",19.30%,±0.3,"102,000","±2,504",12.00%,±0.3,"197,725","±4,682",25.40%,±0.6,"37,440","±2,090",13.30%,±0.7,"129,076","±3,824",17.10%,±0.5,"119,429","±3,154",26.80%,±0.7,"331,546","±5,146",17.30%,±0.3,"62,506","±2,516",23.30%,±0.9,"12,635","±1,128",6.90%,±0.6,207,±145,7.10%,±4.9,"3,012",±369,6.80%,±0.8,"72,819","±2,963",16.10%,±0.7,"100,661","±2,682",20.60%,±0.5,"159,112","±4,145",28.80%,±0.8,"19,431","±1,374",19.60%,±1.4,"11,754","±1,189",17.90%,±1.8,"1,424",±327,9.00%,±2.1,"190,077","±5,281",40.10%,±1.1,"3,601",±520,6.50%,±0.9,"176,032","±5,160",20.90%,±0.6,"36,834","±1,929",17.00%,±0.9,"12,666","±1,259",15.50%,±1.5
HISPANIC OR LATINO AND RACE,,,,,,,,,,,,,,,,,,,,,,,,,,,,,,,,,,,,,,,,,,,,,,,,,,,,,,,,,,,,,,,,,,,,,,,,,,,,,,,,,,,,,,,,,,,,,,,,,,,,,,,,,,,,,,,,,,,,,,,,,,,,,,,,,,,,,,,,,,,,,,,,,,,,,,,,,,,,,,,,,,,,,,,,,,,,,,,,,,,,,,,,,,,,,,,,,,,,,,,,,,,,,,,,,,,,,,,,,,,,,,,,,,,,,,,,
    Total population,"1,663,823",*****,"1,663,823",(X),"1,515",±206,"1,515",(X),"40,577",*****,"40,577",(X),"213,605",*****,"213,605",(X),"45,674",*****,"45,674",(X),"21,811",*****,"21,811",(X),"1,162,648",*****,"1,162,648",(X),"27,462",*****,"27,462",(X),"191,713",*****,"191,713",(X),"1,008,280",*****,"1,008,280",(X),"28,657",*****,"28,657",(X),"136,132",*****,"136,132",(X),"179,578",*****,"179,578",(X),"18,829",*****,"18,829",(X),"906,883",*****,"906,883",(X),"152,515",*****,"152,515",(X),"68,024",*****,"68,024",(X),"31,873",*****,"31,873",(X),"9,936,690",*****,"9,936,690",(X),"157,243",*****,"157,243",(X),"260,485",*****,"260,485",(X),"17,130",*****,"17,130",(X),"91,145",*****,"91,145",(X),"282,290",*****,"282,290",(X),"8,651",*****,"8,651",(X),"13,219",*****,"13,219",(X),"437,609",*****,"437,609",(X),"137,384",*****,"137,384",(X),"102,322",*****,"102,322",(X),"3,175,227",*****,"3,175,227",(X),"406,608",*****,"406,608",(X),"19,650",*****,"19,650",(X),"2,429,487",*****,"2,429,487",(X),"1,579,211",*****,"1,579,211",(X),"64,753",*****,"64,753",(X),"2,180,563",*****,"2,180,563",(X),"3,289,701",*****,"3,289,701",(X),"851,036",*****,"851,036",(X),"779,445",*****,"779,445",(X),"281,712",*****,"281,712",(X),"754,250",*****,"754,250",(X),"445,213",*****,"445,213",(X),"1,916,831",*****,"1,916,831",(X),"268,571",*****,"268,571",(X),"181,852",*****,"181,852",(X),"2,916",±206,"2,916",(X),"44,049",*****,"44,049",(X),"450,995",*****,"450,995",(X),"488,436",*****,"488,436",(X),"552,063",*****,"552,063",(X),"99,101",*****,"99,101",(X),"65,484",*****,"65,484",(X),"15,889",*****,"15,889",(X),"473,446",*****,"473,446",(X),"54,993",*****,"54,993",(X),"842,009",*****,"842,009",(X),"217,141",*****,"217,141",(X),"81,705",*****,"81,705",(X)
        Hispanic or Latino (of any race),"369,603",*****,22.20%,*****,213,±129,14.10%,±7.4,"6,140",*****,15.10%,*****,"38,361",*****,18.00%,*****,"6,197",*****,13.60%,*****,"13,280",*****,60.90%,*****,"306,895",*****,26.40%,*****,"5,607",*****,20.40%,*****,"25,930",*****,13.50%,*****,"546,774",*****,54.20%,*****,"12,418",*****,43.30%,*****,"17,129",*****,12.60%,*****,"153,382",*****,85.40%,*****,"4,500",*****,23.90%,*****,"501,705",*****,55.30%,*****,"85,622",*****,56.10%,*****,"15,672",*****,23.00%,*****,"6,517",*****,20.40%,*****,"4,837,594",*****,48.70%,*****,"93,855",*****,59.70%,*****,"43,143",*****,16.60%,*****,"2,223",*****,13.00%,*****,"24,414",*****,26.80%,*****,"174,732",*****,61.90%,*****,"1,325",*****,15.30%,*****,"3,582",*****,27.10%,*****,"261,954",*****,59.90%,*****,"48,182",*****,35.10%,*****,"10,202",*****,10.00%,*****,"1,077,367",*****,33.90%,*****,"60,469",*****,14.90%,*****,"1,959",*****,10.00%,*****,"1,233,277",*****,50.80%,*****,"378,350",*****,24.00%,*****,"39,768",*****,61.40%,*****,"1,200,147",*****,55.00%,*****,"1,134,647",*****,34.50%,*****,"131,517",*****,15.50%,*****,"331,382",*****,42.50%,*****,"65,946",*****,23.40%,*****,"180,393",*****,23.90%,*****,"207,576",*****,46.60%,*****,"476,352",*****,24.90%,*****,"91,923",*****,34.20%,*****,"19,988",*****,11.00%,*****,332,±129,11.40%,±4.1,"5,957",*****,13.50%,*****,"126,198",*****,28.00%,*****,"136,614",*****,28.00%,*****,"268,427",*****,48.60%,*****,"31,993",*****,32.30%,*****,"17,585",*****,26.90%,*****,"1,198",*****,7.50%,*****,"312,954",*****,66.10%,*****,"7,079",*****,12.90%,*****,"367,039",*****,43.60%,*****,"69,989",*****,32.20%,*****,"24,353",*****,29.80%,*****
            Mexican,"262,023","±3,679",15.70%,±0.2,135,±92,8.90%,±5.5,"4,117",±435,10.10%,±1.1,"32,113",±876,15.00%,±0.4,"4,539",±518,9.90%,±1.1,"12,735",±261,58.40%,±1.2,"207,546","±3,981",17.90%,±0.3,"4,201",±352,15.30%,±1.3,"18,801",±777,9.80%,±0.4,"500,608","±2,815",49.60%,±0.3,"11,677",±309,40.70%,±1.1,"12,864",±785,9.40%,±0.6,"148,165","±1,060",82.50%,±0.6,"3,582",±374,19.00%,±2.0,"457,291","±2,906",50.40%,±0.3,"80,013",±830,52.50%,±0.5,"13,776",±494,20.30%,±0.7,"5,524",±223,17.30%,±0.7,"3,586,953","±12,318",36.10%,±0.1,"88,423","±1,120",56.20%,±0.7,"19,797","±1,671",7.60%,±0.6,"1,858",±187,10.80%,±1.1,"22,242",±510,24.40%,±0.6,"167,158","±1,041",59.20%,±0.4,"1,044",±148,12.10%,±1.7,"3,480",±68,26.30%,±0.5,"240,956","±2,082",55.10%,±0.5,"41,563","±1,044",30.30%,±0.8,"7,055",±644,6.90%,±0.6,"901,233","±6,883",28.40%,±0.2,"42,207","±1,336",10.40%,±0.3,"1,344",±211,6.80%,±1.1,"1,074,125","±5,085",44.20%,±0.2,"306,608","±3,533",19.40%,±0.2,"35,340",±915,54.60%,±1.4,"1,012,610","±5,684",46.40%,±0.3,"983,086","±5,508",29.90%,±0.2,"65,389","±2,072",7.70%,±0.2,"292,596","±2,567",37.50%,±0.3,"56,093","±1,097",19.90%,±0.4,"106,757","±2,843",14.20%,±0.4,"185,637","±2,214",41.70%,±0.5,"386,049","±3,876",20.10%,±0.2,"80,806","±1,144",30.10%,±0.4,"14,571",±736,8.00%,±0.4,306,±141,10.50%,±4.6,"4,775",±232,10.80%,±0.5,"94,873","±2,265",21.00%,±0.5,"110,609","±2,177",22.60%,±0.4,"246,665","±2,107",44.70%,±0.4,"28,795",±710,29.10%,±0.7,"16,282",±427,24.90%,±0.7,432,±284,2.70%,±1.8,"294,695","±2,305",62.20%,±0.5,"4,273",±421,7.80%,±0.8,"321,016","±2,651",38.10%,±0.3,"59,734","±1,228",27.50%,±0.6,"21,265",±749,26.00%,±0.9
            Puerto Rican,"12,474","±1,358",0.70%,±0.1,0,±13,0.00%,±2.6,146,±80,0.40%,±0.2,839,±265,0.40%,±0.1,328,±260,0.70%,±0.6,0,±25,0.00%,±0.2,"9,043","±1,660",0.80%,±0.1,121,±61,0.40%,±0.2,"1,081",±388,0.60%,±0.2,"4,735",±928,0.50%,±0.1,37,±50,0.10%,±0.2,646,±249,0.50%,±0.2,446,±197,0.20%,±0.1,113,±133,0.60%,±0.7,"6,054","±1,221",0.70%,±0.1,999,±443,0.70%,±0.3,165,±133,0.20%,±0.2,81,±70,0.30%,±0.2,"47,349","±2,658",0.50%,±0.1,516,±364,0.30%,±0.2,936,±317,0.40%,±0.1,76,±102,0.40%,±0.6,259,±133,0.30%,±0.1,610,±254,0.20%,±0.1,0,±19,0.00%,±0.5,0,±21,0.00%,±0.3,"3,000",±762,0.70%,±0.2,671,±282,0.50%,±0.2,454,±276,0.40%,±0.3,"13,224","±1,438",0.40%,±0.1,"2,729",±568,0.70%,±0.1,104,±95,0.50%,±0.5,"16,438","±1,635",0.70%,±0.1,"11,960","±1,600",0.80%,±0.1,792,±528,1.20%,±0.8,"16,862","±1,744",0.80%,±0.1,"27,674","±2,331",0.80%,±0.1,"6,022",±895,0.70%,±0.1,"5,783","±1,009",0.70%,±0.1,"1,236",±582,0.40%,±0.2,"3,508",±643,0.50%,±0.1,"1,847",±520,0.40%,±0.1,"8,798","±1,310",0.50%,±0.1,"1,029",±301,0.40%,±0.1,729,±281,0.40%,±0.2,0,±13,0.00%,±1.4,258,±110,0.60%,±0.3,"4,986",±892,1.10%,±0.2,"2,255",±700,0.50%,±0.1,"3,448",±902,0.60%,±0.2,762,±399,0.80%,±0.4,288,±205,0.40%,±0.3,3,±21,0.00%,±0.1,"1,505",±608,0.30%,±0.1,438,±265,0.80%,±0.5,"3,770",±740,0.40%,±0.1,814,±312,0.40%,±0.1,622,±448,0.80%,±0.5
            Cuban,"3,539",±573,0.20%,±0.1,0,±13,0.00%,±2.6,135,±168,0.30%,±0.4,327,±224,0.20%,±0.1,29,±46,0.10%,±0.1,0,±25,0.00%,±0.2,"1,991",±462,0.20%,±0.1,0,±25,0.00%,±0.1,162,±105,0.10%,±0.1,"1,118",±353,0.10%,±0.1,31,±47,0.10%,±0.2,283,±218,0.20%,±0.2,50,±32,0.00%,±0.1,60,±67,0.30%,±0.4,984,±296,0.10%,±0.1,166,±146,0.10%,±0.1,70,±88,0.10%,±0.1,0,±28,0.00%,±0.1,"40,264","±2,511",0.40%,±0.1,76,±44,0.00%,±0.1,417,±271,0.20%,±0.1,8,±14,0.00%,±0.1,23,±24,0.00%,±0.1,147,±120,0.10%,±0.1,0,±19,0.00%,±0.5,0,±21,0.00%,±0.3,814,±338,0.20%,±0.1,223,±121,0.20%,±0.1,160,±121,0.20%,±0.1,"9,076",±900,0.30%,±0.1,"1,151",±420,0.30%,±0.1,0,±21,0.00%,±0.2,"9,009","±1,311",0.40%,±0.1,"2,222",±530,0.10%,±0.1,75,±88,0.10%,±0.1,"7,767","±1,254",0.40%,±0.1,"8,024","±1,039",0.20%,±0.1,"2,127",±445,0.20%,±0.1,"1,096",±765,0.10%,±0.1,411,±187,0.10%,±0.1,"1,810",±528,0.20%,±0.1,555,±212,0.10%,±0.1,"3,284",±705,0.20%,±0.1,690,±271,0.30%,±0.1,160,±94,0.10%,±0.1,0,±13,0.00%,±1.4,82,±65,0.20%,±0.1,783,±406,0.20%,±0.1,"1,043",±452,0.20%,±0.1,570,±324,0.10%,±0.1,56,±56,0.10%,±0.1,24,±29,0.00%,±0.1,17,±27,0.10%,±0.2,729,±456,0.20%,±0.1,19,±35,0.00%,±0.1,"2,132",±463,0.30%,±0.1,392,±221,0.20%,±0.1,62,±58,0.10%,±0.1
            Other Hispanic or Latino,"91,567","±3,560",5.50%,±0.2,78,±69,5.10%,±4.2,"1,742",±476,4.30%,±1.2,"5,082",±835,2.40%,±0.4,"1,301",±439,2.80%,±1.0,545,±260,2.50%,±1.2,"88,315","±3,675",7.60%,±0.3,"1,285",±330,4.70%,±1.2,"5,886",±756,3.10%,±0.4,"40,313","±2,744",4.00%,±0.3,673,±309,2.30%,±1.1,"3,336",±659,2.50%,±0.5,"4,721","±1,054",2.60%,±0.6,745,±309,4.00%,±1.6,"37,376","±2,675",4.10%,±0.3,"4,444",±715,2.90%,±0.5,"1,661",±437,2.40%,±0.6,912,±217,2.90%,±0.7,"1,163,028","±12,368",11.70%,±0.1,"4,840","±1,041",3.10%,±0.7,"21,993","±1,640",8.40%,±0.6,281,±150,1.60%,±0.9,"1,890",±500,2.10%,±0.5,"6,817",±991,2.40%,±0.4,281,±148,3.20%,±1.7,102,±68,0.80%,±0.5,"17,184","±2,217",3.90%,±0.5,"5,725","±1,002",4.20%,±0.7,"2,533",±537,2.50%,±0.5,"153,834","±6,799",4.80%,±0.2,"14,382","±1,231",3.50%,±0.3,511,±206,2.60%,±1.0,"133,705","±4,516",5.50%,±0.2,"57,560","±3,301",3.60%,±0.2,"3,561",±696,5.50%,±1.1,"162,908","±5,052",7.50%,±0.2,"115,863","±5,429",3.50%,±0.2,"57,979","±2,419",6.80%,±0.3,"31,907","±2,416",4.10%,±0.3,"8,206",±989,2.90%,±0.4,"68,318","±2,766",9.10%,±0.4,"19,537","±2,118",4.40%,±0.5,"78,221","±3,511",4.10%,±0.2,"9,398","±1,120",3.50%,±0.4,"4,528",±702,2.50%,±0.4,26,±32,0.90%,±1.1,842,±194,1.90%,±0.4,"25,556","±2,288",5.70%,±0.5,"22,707","±1,997",4.60%,±0.4,"17,744","±1,875",3.20%,±0.3,"2,380",±565,2.40%,±0.6,991,±379,1.50%,±0.6,746,±287,4.70%,±1.8,"16,025","±2,208",3.40%,±0.5,"2,349",±370,4.30%,±0.7,"40,121","±2,370",4.80%,±0.3,"9,049","±1,109",4.20%,±0.5,"2,404",±597,2.90%,±0.7
        Not Hispanic or Latino,"1,294,220",*****,77.80%,*****,"1,302",±174,85.90%,±7.4,"34,437",*****,84.90%,*****,"175,244",*****,82.00%,*****,"39,477",*****,86.40%,*****,"8,531",*****,39.10%,*****,"855,753",*****,73.60%,*****,"21,855",*****,79.60%,*****,"165,783",*****,86.50%,*****,"461,506",*****,45.80%,*****,"16,239",*****,56.70%,*****,"119,003",*****,87.40%,*****,"26,196",*****,14.60%,*****,"14,329",*****,76.10%,*****,"405,178",*****,44.70%,*****,"66,893",*****,43.90%,*****,"52,352",*****,77.00%,*****,"25,356",*****,79.60%,*****,"5,099,096",*****,51.30%,*****,"63,388",*****,40.30%,*****,"217,342",*****,83.40%,*****,"14,907",*****,87.00%,*****,"66,731",*****,73.20%,*****,"107,558",*****,38.10%,*****,"7,326",*****,84.70%,*****,"9,637",*****,72.90%,*****,"175,655",*****,40.10%,*****,"89,202",*****,64.90%,*****,"92,120",*****,90.00%,*****,"2,097,860",*****,66.10%,*****,"346,139",*****,85.10%,*****,"17,691",*****,90.00%,*****,"1,196,210",*****,49.20%,*****,"1,200,861",*****,76.00%,*****,"24,985",*****,38.60%,*****,"980,416",*****,45.00%,*****,"2,155,054",*****,65.50%,*****,"719,519",*****,84.50%,*****,"448,063",*****,57.50%,*****,"215,766",*****,76.60%,*****,"573,857",*****,76.10%,*****,"237,637",*****,53.40%,*****,"1,440,479",*****,75.10%,*****,"176,648",*****,65.80%,*****,"161,864",*****,89.00%,*****,"2,584",±174,88.60%,±4.1,"38,092",*****,86.50%,*****,"324,797",*****,72.00%,*****,"351,822",*****,72.00%,*****,"283,636",*****,51.40%,*****,"67,108",*****,67.70%,*****,"47,899",*****,73.10%,*****,"14,691",*****,92.50%,*****,"160,492",*****,33.90%,*****,"47,914",*****,87.10%,*****,"474,970",*****,56.40%,*****,"147,152",*****,67.80%,*****,"57,352",*****,70.20%,*****
            White alone,"487,452","±1,158",29.30%,±0.1,880,±161,58.10%,±6.6,"30,393",±329,74.90%,±0.8,"147,001",±596,68.80%,±0.3,"35,747",±159,78.30%,±0.3,"7,303",±31,33.50%,±0.1,"471,751","±1,809",40.60%,±0.2,"16,676",±200,60.70%,±0.7,"144,831",±468,75.50%,±0.2,"275,765",±664,27.40%,±0.1,"14,223",±56,49.60%,±0.2,"97,416",±555,71.60%,±0.4,"17,181",±140,9.60%,±0.1,"11,213",±112,59.60%,±0.6,"285,219","±1,228",31.50%,±0.1,"45,886",±328,30.10%,±0.2,"45,259",±397,66.50%,±0.6,"20,076",±108,63.00%,±0.3,"2,505,177","±3,167",25.20%,±0.1,"49,917",±311,31.70%,±0.2,"180,340",±734,69.20%,±0.3,"13,233",±191,77.30%,±1.1,"57,251",±377,62.80%,±0.4,"71,154",±307,25.20%,±0.1,"6,565",±65,75.90%,±0.8,"8,490",±173,64.20%,±1.3,"125,138",±451,28.60%,±0.1,"69,244",±464,50.40%,±0.3,"84,998",±412,83.10%,±0.4,"1,221,176","±1,833",38.50%,±0.1,"279,960","±1,002",68.90%,±0.2,"16,122",±100,82.00%,±0.5,"788,083","±1,696",32.40%,±0.1,"666,690","±1,274",42.20%,±0.1,"20,076",±260,31.00%,±0.4,"563,779","±1,508",25.90%,±0.1,"1,433,598","±2,033",43.60%,±0.1,"325,900","±1,038",38.30%,±0.1,"223,577",±708,28.70%,±0.1,"188,336",±734,66.90%,±0.3,"279,215",±963,37.00%,±0.1,"189,629",±549,42.60%,±0.1,"559,111","±1,107",29.20%,±0.1,"149,686",±474,55.70%,±0.2,"140,667",±629,77.40%,±0.3,"2,526",±167,86.60%,±4.0,"32,689",±121,74.20%,±0.3,"160,034",±556,35.50%,±0.1,"297,441",±905,60.90%,±0.2,"212,780",±509,38.50%,±0.1,"42,672",±345,43.10%,±0.3,"42,716",±329,65.20%,±0.5,"12,533",±257,78.90%,±1.6,"125,362",±796,26.50%,±0.2,"43,547",±102,79.20%,±0.2,"366,252",±852,43.50%,±0.1,"96,203",±565,44.30%,±0.3,"42,155",±273,51.60%,±0.3
            Black or African American alone,"165,390","±1,938",9.90%,±0.1,0,±13,0.00%,±2.6,668,±119,1.60%,±0.3,"3,695",±267,1.70%,±0.1,450,±166,1.00%,±0.4,306,±34,1.40%,±0.2,"97,612","±1,597",8.40%,±0.1,730,±143,2.70%,±0.5,"1,248",±207,0.70%,±0.1,"42,216","±1,231",4.20%,±0.1,72,±40,0.30%,±0.1,"1,601",±266,1.20%,±0.2,"4,084",±290,2.30%,±0.2,121,±66,0.60%,±0.4,"44,199","±1,356",4.90%,±0.1,"9,091",±435,6.00%,±0.3,"1,507",±179,2.20%,±0.3,"2,516",±237,7.90%,±0.7,"753,155","±3,797",7.60%,±0.1,"3,854",±567,2.50%,±0.4,"5,725",±565,2.20%,±0.2,135,±87,0.80%,±0.5,557,±266,0.60%,±0.3,"7,706",±418,2.70%,±0.1,166,±29,1.90%,±0.3,23,±29,0.20%,±0.2,"8,977",±582,2.10%,±0.1,"2,405",±210,1.80%,±0.2,376,±100,0.40%,±0.1,"48,898","±1,492",1.50%,±0.1,"6,389",±629,1.60%,±0.2,225,±141,1.10%,±0.7,"148,072","±2,029",6.10%,±0.1,"145,484","±2,605",9.20%,±0.2,541,±92,0.80%,±0.1,"163,402","±2,457",7.50%,±0.1,"149,105","±2,332",4.50%,±0.1,"41,934","±1,087",4.90%,±0.1,"52,568","±1,215",6.70%,±0.2,"3,349",±389,1.20%,±0.1,"16,015",±696,2.10%,±0.1,"7,763",±475,1.70%,±0.1,"43,576","±1,194",2.30%,±0.1,"2,193",±293,0.80%,±0.1,"1,740",±347,1.00%,±0.2,7,±2,0.20%,±0.1,682,±113,1.50%,±0.3,"58,379","±1,258",12.90%,±0.3,"7,012",±587,1.40%,±0.1,"14,902",±836,2.70%,±0.2,"1,764",±227,1.80%,±0.2,565,±190,0.90%,±0.3,217,±101,1.40%,±0.6,"6,183",±328,1.30%,±0.1,806,±206,1.50%,±0.4,"13,991",±659,1.70%,±0.1,"5,395",±403,2.50%,±0.2,"2,768",±344,3.40%,±0.4
            American Indian and Alaska Native alone,"4,870",±325,0.30%,±0.1,363,±47,24.00%,±4.0,395,±139,1.00%,±0.3,"1,514",±256,0.70%,±0.1,372,±144,0.80%,±0.3,153,±77,0.70%,±0.4,"1,960",±375,0.20%,±0.1,"1,749",±218,6.40%,±0.8,661,±226,0.30%,±0.1,"4,220",±461,0.40%,±0.1,289,±90,1.00%,±0.3,"4,593",±380,3.40%,±0.3,"1,277",±121,0.70%,±0.1,"1,513",±165,8.00%,±0.9,"3,429",±559,0.40%,±0.1,"1,133",±155,0.70%,±0.1,"1,579",±256,2.30%,±0.4,592,±102,1.90%,±0.3,"18,662","±1,293",0.20%,±0.1,729,±207,0.50%,±0.1,249,±94,0.10%,±0.1,238,±154,1.40%,±0.9,"2,633",±265,2.90%,±0.3,760,±205,0.30%,±0.1,249,±126,2.90%,±1.5,152,±34,1.10%,±0.3,647,±189,0.10%,±0.1,273,±103,0.20%,±0.1,317,±141,0.30%,±0.1,"3,771",±511,0.10%,±0.1,903,±223,0.20%,±0.1,203,±114,1.00%,±0.6,"7,457",±699,0.30%,±0.1,"4,428",±516,0.30%,±0.1,201,±105,0.30%,±0.2,"6,234",±682,0.30%,±0.1,"9,338",±613,0.30%,±0.1,"1,758",±316,0.20%,±0.1,"1,931",±400,0.20%,±0.1,669,±174,0.20%,±0.1,976,±249,0.10%,±0.1,"1,380",±245,0.30%,±0.1,"2,973",±462,0.20%,±0.1,182,±72,0.10%,±0.1,"2,671",±309,1.50%,±0.2,27,±37,0.90%,±1.3,"1,234",±152,2.80%,±0.3,"1,592",±336,0.40%,±0.1,"1,527",±417,0.30%,±0.1,"2,245",±359,0.40%,±0.1,696,±140,0.70%,±0.1,524,±183,0.80%,±0.3,490,±197,3.10%,±1.2,"2,100",±265,0.40%,±0.1,556,±144,1.00%,±0.3,"1,408",±255,0.20%,±0.1,781,±188,0.40%,±0.1,445,±163,0.50%,±0.2
            Asian alone,"530,999","±2,283",31.90%,±0.1,3,±6,0.20%,±0.4,506,±122,1.20%,±0.3,"10,818",±566,5.10%,±0.3,896,±235,2.00%,±0.5,127,±205,0.60%,±0.9,"209,562","±2,213",18.00%,±0.2,830,±247,3.00%,±0.9,"9,446",±417,4.90%,±0.2,"105,291","±1,358",10.40%,±0.1,985,±172,3.40%,±0.6,"4,256",±394,3.10%,±0.3,"2,337",±81,1.30%,±0.1,268,±70,1.40%,±0.4,"43,481","±1,114",4.80%,±0.1,"5,705",±386,3.70%,±0.3,905,±203,1.30%,±0.3,531,±88,1.70%,±0.3,"1,452,646","±4,734",14.60%,±0.1,"3,572",±251,2.30%,±0.2,"16,170",±683,6.20%,±0.3,227,±83,1.30%,±0.5,"1,906",±172,2.10%,±0.2,"20,194",±540,7.20%,±0.2,123,±234,1.40%,±2.7,539,±85,4.10%,±0.6,"24,715",±769,5.60%,±0.2,"10,866",±453,7.90%,±0.3,"1,423",±209,1.40%,±0.2,"682,736","±3,451",21.50%,±0.1,"35,057",±942,8.60%,±0.2,110,±89,0.60%,±0.5,"161,597","±1,804",6.70%,±0.1,"267,722","±2,373",17.00%,±0.2,"1,888",±256,2.90%,±0.4,"163,835","±2,134",7.50%,±0.1,"387,969","±2,967",11.80%,±0.1,"294,027","±1,877",34.50%,±0.2,"130,109","±1,917",16.70%,±0.2,"9,571",±628,3.40%,±0.2,"228,200","±1,542",30.30%,±0.2,"23,531",±606,5.30%,±0.1,"742,635","±2,557",38.70%,±0.1,"12,536",±545,4.70%,±0.2,"5,507",±461,3.00%,±0.3,0,±13,0.00%,±1.4,693,±155,1.60%,±0.4,"69,009","±1,498",15.30%,±0.3,"21,167",±708,4.30%,±0.1,"31,968","±1,083",5.80%,±0.2,"16,255",±492,16.40%,±0.5,"1,225",±127,1.90%,±0.2,392,±18,2.50%,±0.1,"16,306",±568,3.40%,±0.1,799,±120,1.50%,±0.2,"59,860","±1,202",7.10%,±0.1,"31,399",±927,14.50%,±0.4,"6,219",±342,7.60%,±0.4
            Native Hawaiian and Other Pacific Islander alone,"12,278",±525,0.70%,±0.1,0,±13,0.00%,±2.6,15,±12,0.00%,±0.1,605,±97,0.30%,±0.1,37,±41,0.10%,±0.1,23,±29,0.10%,±0.1,"5,405",±435,0.50%,±0.1,79,±66,0.30%,±0.2,308,±105,0.20%,±0.1,"1,539",±211,0.20%,±0.1,41,±46,0.10%,±0.2,324,±127,0.20%,±0.1,44,±35,0.00%,±0.1,176,±85,0.90%,±0.5,"1,044",±133,0.10%,±0.1,255,±120,0.20%,±0.1,199,±79,0.30%,±0.1,302,±12,0.90%,±0.1,"20,597",±770,0.20%,±0.1,91,±60,0.10%,±0.1,430,±113,0.20%,±0.1,62,±78,0.40%,±0.5,86,±63,0.10%,±0.1,772,±83,0.30%,±0.1,0,±19,0.00%,±0.5,0,±21,0.00%,±0.3,"1,885",±156,0.40%,±0.1,411,±119,0.30%,±0.1,149,±100,0.10%,±0.1,"8,655",±608,0.30%,±0.1,568,±105,0.10%,±0.1,40,±60,0.20%,±0.3,"6,771",±631,0.30%,±0.1,"17,204",±633,1.10%,±0.1,109,±59,0.20%,±0.1,"6,445",±527,0.30%,±0.1,"12,385",±892,0.40%,±0.1,"3,010",±329,0.40%,±0.1,"4,310",±399,0.60%,±0.1,401,±113,0.10%,±0.1,"8,827",±570,1.20%,±0.1,389,±119,0.10%,±0.1,"6,496",±666,0.30%,±0.1,452,±108,0.20%,±0.1,185,±93,0.10%,±0.1,0,±13,0.00%,±1.4,183,±33,0.40%,±0.1,"3,746",±428,0.80%,±0.1,"1,372",±263,0.30%,±0.1,"2,975",±473,0.50%,±0.1,352,±34,0.40%,±0.1,18,±26,0.00%,±0.1,54,±65,0.30%,±0.4,568,±112,0.10%,±0.1,151,±19,0.30%,±0.1,"1,396",±128,0.20%,±0.1,888,±158,0.40%,±0.1,353,±77,0.40%,±0.1
            Some Other Race alone,"9,609","±1,327",0.60%,±0.1,6,±9,0.40%,±0.6,278,±244,0.70%,±0.6,619,±467,0.30%,±0.2,11,±29,0.00%,±0.1,42,±47,0.20%,±0.2,"6,959","±1,070",0.60%,±0.1,194,±161,0.70%,±0.6,681,±298,0.40%,±0.2,"3,787",±781,0.40%,±0.1,40,±32,0.10%,±0.1,833,±267,0.60%,±0.2,88,±76,0.00%,±0.1,42,±38,0.20%,±0.2,"3,313","±1,041",0.40%,±0.1,286,±242,0.20%,±0.2,249,±186,0.40%,±0.3,160,±158,0.50%,±0.5,"49,953","±2,891",0.50%,±0.1,448,±216,0.30%,±0.1,"2,012",±547,0.80%,±0.2,155,±171,0.90%,±1.0,485,±305,0.50%,±0.3,529,±204,0.20%,±0.1,40,±64,0.50%,±0.7,144,±173,1.10%,±1.3,"1,250",±325,0.30%,±0.1,612,±282,0.40%,±0.2,217,±113,0.20%,±0.1,"11,475","±1,386",0.40%,±0.1,"1,740",±575,0.40%,±0.1,14,±22,0.10%,±0.1,"8,604","±1,396",0.40%,±0.1,"7,436","±1,108",0.50%,±0.1,45,±44,0.10%,±0.1,"8,300","±1,375",0.40%,±0.1,"13,667","±1,691",0.40%,±0.1,"5,959","±1,205",0.70%,±0.1,"2,740",±786,0.40%,±0.1,"1,282",±411,0.50%,±0.1,"5,878","±1,183",0.80%,±0.2,"1,629",±439,0.40%,±0.1,"7,915",±962,0.40%,±0.1,"1,324",±338,0.50%,±0.1,497,±193,0.30%,±0.1,0,±13,0.00%,±1.4,83,±61,0.20%,±0.1,"3,253",±829,0.70%,±0.2,"1,957",±469,0.40%,±0.1,"1,782",±558,0.30%,±0.1,932,±340,0.90%,±0.3,223,±202,0.30%,±0.3,373,±235,2.30%,±1.5,"1,708",±794,0.40%,±0.2,300,±211,0.50%,±0.4,"3,284",±736,0.40%,±0.1,948,±303,0.40%,±0.1,262,±180,0.30%,±0.2
            Two or More Races,"83,622","±3,205",5.00%,±0.2,50,±32,3.30%,±2.1,"2,182",±316,5.40%,±0.8,"10,992",±781,5.10%,±0.4,"1,964",±332,4.30%,±0.7,577,±225,2.60%,±1.0,"62,504","±3,076",5.40%,±0.3,"1,597",±391,5.80%,±1.4,"8,608",±619,4.50%,±0.3,"28,688","±1,819",2.80%,±0.2,589,±193,2.10%,±0.7,"9,980",±851,7.30%,±0.6,"1,185",±345,0.70%,±0.2,996,±172,5.30%,±0.9,"24,493","±1,913",2.70%,±0.2,"4,537",±638,3.00%,±0.4,"2,654",±498,3.90%,±0.7,"1,179",±257,3.70%,±0.8,"298,906","±6,115",3.00%,±0.1,"4,777",±724,3.00%,±0.5,"12,416",±946,4.80%,±0.4,857,±207,5.00%,±1.2,"3,813",±500,4.20%,±0.5,"6,443",±782,2.30%,±0.3,183,±144,2.10%,±1.7,289,±96,2.20%,±0.7,"13,043",±932,3.00%,±0.2,"5,391",±629,3.90%,±0.5,"4,640",±486,4.50%,±0.5,"121,149","±4,150",3.80%,±0.1,"21,522","±1,380",5.30%,±0.3,977,±174,5.00%,±0.9,"75,626","±3,018",3.10%,±0.1,"91,897","±3,473",5.80%,±0.2,"2,125",±373,3.30%,±0.6,"68,421","±3,245",3.10%,±0.1,"148,992","±4,406",4.50%,±0.1,"46,931","±2,303",5.50%,±0.3,"32,828","±2,455",4.20%,±0.3,"12,158","±1,012",4.30%,±0.4,"34,746","±1,929",4.60%,±0.3,"13,316",±953,3.00%,±0.2,"77,773","±3,024",4.10%,±0.2,"10,275",±776,3.80%,±0.3,"10,597",±959,5.80%,±0.5,24,±19,0.80%,±0.7,"2,528",±271,5.70%,±0.6,"28,784","±1,990",6.40%,±0.4,"21,346","±1,494",4.40%,±0.3,"16,984","±1,624",3.10%,±0.3,"4,437",±527,4.50%,±0.5,"2,628",±462,4.00%,±0.7,632,±302,4.00%,±1.9,"8,265",±794,1.70%,±0.2,"1,755",±250,3.20%,±0.5,"28,779","±1,736",3.40%,±0.2,"11,538","±1,095",5.30%,±0.5,"5,150",±520,6.30%,±0.6
                Two races including Some Other Race,"9,984",±986,0.60%,±0.1,16,±19,1.10%,±1.2,493,±259,1.20%,±0.6,"1,749",±455,0.80%,±0.2,412,±156,0.90%,±0.3,0,±25,0.00%,±0.2,"8,387","±1,526",0.70%,±0.1,185,±177,0.70%,±0.6,"1,173",±372,0.60%,±0.2,"3,543",±675,0.40%,±0.1,50,±49,0.20%,±0.2,"1,468",±525,1.10%,±0.4,109,±106,0.10%,±0.1,192,±115,1.00%,±0.6,"3,551",±759,0.40%,±0.1,385,±182,0.30%,±0.1,704,±395,1.00%,±0.6,166,±118,0.50%,±0.4,"41,285","±2,667",0.40%,±0.1,559,±213,0.40%,±0.1,"2,534",±597,1.00%,±0.2,74,±74,0.40%,±0.4,338,±171,0.40%,±0.2,780,±322,0.30%,±0.1,23,±49,0.30%,±0.6,3,±4,0.00%,±0.1,"1,516",±370,0.30%,±0.1,810,±398,0.60%,±0.3,"1,166",±397,1.10%,±0.4,"16,026","±1,824",0.50%,±0.1,"4,567",±870,1.10%,±0.2,126,±98,0.60%,±0.5,"10,328","±1,578",0.40%,±0.1,"8,834","±1,106",0.60%,±0.1,332,±269,0.50%,±0.4,"7,367","±1,090",0.30%,±0.1,"16,075","±1,561",0.50%,±0.1,"5,839",±679,0.70%,±0.1,"3,856","±1,008",0.50%,±0.1,"2,890",±757,1.00%,±0.3,"5,675","±1,008",0.80%,±0.1,"1,634",±350,0.40%,±0.1,"8,472","±1,069",0.40%,±0.1,"1,442",±348,0.50%,±0.1,"1,919",±629,1.10%,±0.3,0,±13,0.00%,±1.4,197,±98,0.40%,±0.2,"1,772",±466,0.40%,±0.1,"3,789",±803,0.80%,±0.2,"2,728",±604,0.50%,±0.1,369,±166,0.40%,±0.2,645,±351,1.00%,±0.5,201,±174,1.30%,±1.1,"1,107",±416,0.20%,±0.1,159,±77,0.30%,±0.1,"3,486",±677,0.40%,±0.1,"1,431",±456,0.70%,±0.2,727,±282,0.90%,±0.3
"                Two races excluding Some Other Race, and three or more races","73,638","±3,115",4.40%,±0.2,34,±25,2.20%,±1.6,"1,689",±233,4.20%,±0.6,"9,243",±661,4.30%,±0.3,"1,552",±355,3.40%,±0.8,577,±225,2.60%,±1.0,"54,117","±2,704",4.70%,±0.2,"1,412",±343,5.10%,±1.2,"7,435",±509,3.90%,±0.3,"25,145","±1,795",2.50%,±0.2,539,±183,1.90%,±0.6,"8,512",±674,6.30%,±0.5,"1,076",±331,0.60%,±0.2,804,±183,4.30%,±1.0,"20,942","±1,863",2.30%,±0.2,"4,152",±603,2.70%,±0.4,"1,950",±377,2.90%,±0.6,"1,013",±232,3.20%,±0.7,"257,621","±5,396",2.60%,±0.1,"4,218",±671,2.70%,±0.4,"9,882",±817,3.80%,±0.3,783,±189,4.60%,±1.1,"3,475",±447,3.80%,±0.5,"5,663",±685,2.00%,±0.2,160,±107,1.80%,±1.2,286,±95,2.20%,±0.7,"11,527",±802,2.60%,±0.2,"4,581",±503,3.30%,±0.4,"3,474",±308,3.40%,±0.3,"105,123","±3,788",3.30%,±0.1,"16,955","±1,161",4.20%,±0.3,851,±140,4.30%,±0.7,"65,298","±2,589",2.70%,±0.1,"83,063","±3,296",5.30%,±0.2,"1,793",±284,2.80%,±0.4,"61,054","±2,813",2.80%,±0.1,"132,917","±3,870",4.00%,±0.1,"41,092","±2,081",4.80%,±0.2,"28,972","±2,001",3.70%,±0.3,"9,268",±811,3.30%,±0.3,"29,071","±1,655",3.90%,±0.2,"11,682",±839,2.60%,±0.2,"69,301","±2,959",3.60%,±0.2,"8,833",±644,3.30%,±0.2,"8,678",±688,4.80%,±0.4,24,±19,0.80%,±0.7,"2,331",±243,5.30%,±0.6,"27,012","±1,922",6.00%,±0.4,"17,557","±1,186",3.60%,±0.2,"14,256","±1,608",2.60%,±0.3,"4,068",±506,4.10%,±0.5,"1,983",±309,3.00%,±0.5,431,±223,2.70%,±1.4,"7,158",±689,1.50%,±0.1,"1,596",±232,2.90%,±0.4,"25,293","±1,475",3.00%,±0.2,"10,107","±1,022",4.70%,±0.5,"4,423",±456,5.40%,±0.6
Total housing units,"622,856",±331,(X),(X),"1,617",±95,(X),(X),"18,813",±42,(X),(X),"93,069",±80,(X),(X),"27,521",±33,(X),(X),"8,107",±50,(X),(X),"424,057",±179,(X),(X),"11,103",±42,(X),(X),"93,679",±79,(X),(X),"339,270",±236,(X),(X),"10,914",±50,(X),(X),"62,306",±67,(X),(X),"56,907",±79,(X),(X),"9,471",±68,(X),(X),"301,687",±400,(X),(X),"46,500",±233,(X),(X),"34,313",±56,(X),(X),"12,266",±94,(X),(X),"3,599,561",±639,(X),(X),"49,880",±86,(X),(X),"111,681",±102,(X),(X),"9,824",±35,(X),(X),"41,380",±60,(X),(X),"87,895",±112,(X),(X),"4,784",±18,(X),(X),"13,625",±22,(X),(X),"143,743",±166,(X),(X),"55,588",±104,(X),(X),"53,690",±61,(X),(X),"1,130,658",±363,(X),(X),"173,090",±130,(X),(X),"15,436",±27,(X),(X),"851,646",±261,(X),(X),"588,894",±528,(X),(X),"20,485",±48,(X),(X),"733,104",±420,(X),(X),"1,230,349",±579,(X),(X),"408,198",±298,(X),(X),"252,327",±145,(X),(X),"123,968",±114,(X),(X),"284,211",±211,(X),(X),"158,807",±147,(X),(X),"688,287",±307,(X),(X),"106,433",±131,(X),(X),"79,626",±68,(X),(X),"2,092",±97,(X),(X),"23,013",±61,(X),(X),"162,513",±187,(X),(X),"205,393",±115,(X),(X),"183,317",±142,(X),(X),"34,560",±82,(X),(X),"27,440",±50,(X),(X),"8,201",±31,(X),(X),"151,190",±163,(X),(X),"31,447",±60,(X),(X),"293,491",±178,(X),(X),"80,533",±72,(X),(X),"29,626",±62,(X),(X)
"CITIZEN, VOTING AGE POPULATION",,,,,,,,,,,,,,,,,,,,,,,,,,,,,,,,,,,,,,,,,,,,,,,,,,,,,,,,,,,,,,,,,,,,,,,,,,,,,,,,,,,,,,,,,,,,,,,,,,,,,,,,,,,,,,,,,,,,,,,,,,,,,,,,,,,,,,,,,,,,,,,,,,,,,,,,,,,,,,,,,,,,,,,,,,,,,,,,,,,,,,,,,,,,,,,,,,,,,,,,,,,,,,,,,,,,,,,,,,,,,,,,,,,,,,,,
"    Citizen, 18 and over population","1,104,011","±4,528","1,104,011",(X),"1,150",±168,"1,150",(X),"33,474",±277,"33,474",(X),"163,370",±716,"163,370",(X),"36,993",±312,"36,993",(X),"12,604",±402,"12,604",(X),"791,472","±3,625","791,472",(X),"20,657",±296,"20,657",(X),"147,069",±812,"147,069",(X),"624,635","±2,542","624,635",(X),"18,543",±431,"18,543",(X),"106,755",±631,"106,755",(X),"103,945","±1,784","103,945",(X),"14,333",±218,"14,333",(X),"543,553","±2,590","543,553",(X),"95,474","±1,167","95,474",(X),"50,219",±453,"50,219",(X),"25,093",±277,"25,093",(X),"6,410,093","±10,904","6,410,093",(X),"94,436","±1,417","94,436",(X),"188,122","±1,229","188,122",(X),"13,471",±312,"13,471",(X),"66,234",±750,"66,234",(X),"158,798","±1,841","158,798",(X),"6,785",±132,"6,785",(X),"9,443",±332,"9,443",(X),"241,251","±2,390","241,251",(X),"96,314","±1,074","96,314",(X),"81,714",±763,"81,714",(X),"2,127,353","±7,476","2,127,353",(X),"301,334","±1,388","301,334",(X),"15,989",±124,"15,989",(X),"1,610,450","±5,000","1,610,450",(X),"1,095,808","±3,583","1,095,808",(X),"41,828",±716,"41,828",(X),"1,406,302","±5,187","1,406,302",(X),"2,304,927","±4,701","2,304,927",(X),"633,652","±3,041","633,652",(X),"487,137","±2,985","487,137",(X),"220,679","±1,184","220,679",(X),"502,613","±2,964","502,613",(X),"287,623","±2,337","287,623",(X),"1,176,133","±4,956","1,176,133",(X),"193,477","±1,364","193,477",(X),"138,511",±639,"138,511",(X),"2,443",±160,"2,443",(X),"34,190",±225,"34,190",(X),"318,516","±1,733","318,516",(X),"354,881","±1,980","354,881",(X),"349,334","±2,160","349,334",(X),"63,937",±898,"63,937",(X),"46,598",±649,"46,598",(X),"12,721",±233,"12,721",(X),"268,455","±2,513","268,455",(X),"44,722",±349,"44,722",(X),"573,110","±2,834","573,110",(X),"149,867","±1,675","149,867",(X),"55,537",±567,"55,537",(X)
        Male,"542,184","±2,854",49.10%,±0.1,665,±101,57.80%,±5.6,"18,301",±196,54.70%,±0.4,"80,580",±492,49.30%,±0.2,"18,372",±232,49.70%,±0.5,"6,241",±238,49.50%,±1.6,"384,476","±2,098",48.60%,±0.1,"11,117",±231,53.80%,±0.8,"73,473",±486,50.00%,±0.2,"306,981","±1,665",49.10%,±0.2,"9,329",±357,50.30%,±1.3,"52,894",±360,49.50%,±0.2,"54,839","±1,023",52.80%,±0.6,"7,307",±134,51.00%,±0.8,"276,754","±1,420",50.90%,±0.2,"54,329",±745,56.90%,±0.4,"25,008",±310,49.80%,±0.5,"16,507",±257,65.80%,±0.7,"3,129,847","±7,327",48.80%,±0.1,"44,352",±768,47.00%,±0.4,"90,679",±860,48.20%,±0.3,"6,746",±249,50.10%,±0.9,"32,464",±496,49.00%,±0.5,"79,022","±1,025",49.80%,±0.4,"3,353",±165,49.40%,±2.4,"5,163",±237,54.70%,±2.0,"121,369","±1,449",50.30%,±0.3,"47,158",±820,49.00%,±0.5,"40,286",±366,49.30%,±0.3,"1,044,842","±4,268",49.10%,±0.1,"147,277",±782,48.90%,±0.1,"8,114",±125,50.70%,±0.7,"803,821","±2,916",49.90%,±0.1,"531,497","±2,242",48.50%,±0.1,"21,221",±447,50.70%,±0.5,"699,434","±3,202",49.70%,±0.1,"1,171,252","±3,327",50.80%,±0.1,"323,882","±1,831",51.10%,±0.2,"240,287","±1,808",49.30%,±0.2,"111,156",±711,50.40%,±0.2,"247,254","±1,909",49.20%,±0.2,"142,056","±1,305",49.40%,±0.3,"592,422","±2,740",50.40%,±0.1,"95,328",±797,49.30%,±0.3,"68,063",±349,49.10%,±0.2,"1,178",±112,48.20%,±2.9,"16,950",±159,49.60%,±0.3,"158,042","±1,076",49.60%,±0.2,"170,355","±1,298",48.00%,±0.2,"171,350","±1,452",49.10%,±0.2,"31,556",±633,49.40%,±0.6,"23,098",±480,49.60%,±0.7,"6,494",±226,51.00%,±1.1,"130,641","±1,724",48.70%,±0.4,"23,180",±267,51.80%,±0.3,"281,446","±1,931",49.10%,±0.2,"72,244","±1,040",48.20%,±0.4,"28,147",±393,50.70%,±0.4
        Female,"561,827","±2,666",50.90%,±0.1,485,±109,42.20%,±5.6,"15,173",±183,45.30%,±0.4,"82,790",±458,50.70%,±0.2,"18,621",±247,50.30%,±0.5,"6,363",±324,50.50%,±1.6,"406,996","±2,158",51.40%,±0.1,"9,540",±219,46.20%,±0.8,"73,596",±562,50.00%,±0.2,"317,654","±1,571",50.90%,±0.2,"9,214",±296,49.70%,±1.3,"53,861",±364,50.50%,±0.2,"49,106","±1,107",47.20%,±0.6,"7,026",±170,49.00%,±0.8,"266,799","±1,869",49.10%,±0.2,"41,145",±673,43.10%,±0.4,"25,211",±354,50.20%,±0.5,"8,586",±213,34.20%,±0.7,"3,280,246","±6,160",51.20%,±0.1,"50,084",±850,53.00%,±0.4,"97,443",±690,51.80%,±0.3,"6,725",±128,49.90%,±0.9,"33,770",±465,51.00%,±0.5,"79,776","±1,186",50.20%,±0.4,"3,432",±181,50.60%,±2.4,"4,280",±266,45.30%,±2.0,"119,882","±1,437",49.70%,±0.3,"49,156",±605,51.00%,±0.5,"41,428",±557,50.70%,±0.3,"1,082,511","±4,293",50.90%,±0.1,"154,057",±821,51.10%,±0.1,"7,875",±128,49.30%,±0.7,"806,629","±2,997",50.10%,±0.1,"564,311","±2,115",51.50%,±0.1,"20,607",±399,49.30%,±0.5,"706,868","±2,715",50.30%,±0.1,"1,133,675","±2,732",49.20%,±0.1,"309,770","±1,877",48.90%,±0.2,"246,850","±1,693",50.70%,±0.2,"109,523",±666,49.60%,±0.2,"255,359","±1,623",50.80%,±0.2,"145,567","±1,495",50.60%,±0.3,"583,711","±3,108",49.60%,±0.1,"98,149",±964,50.70%,±0.3,"70,448",±522,50.90%,±0.2,"1,265",±102,51.80%,±2.9,"17,240",±139,50.40%,±0.3,"160,474","±1,061",50.40%,±0.2,"184,526","±1,039",52.00%,±0.2,"177,984","±1,263",50.90%,±0.2,"32,381",±520,50.60%,±0.6,"23,500",±421,50.40%,±0.7,"6,227",±132,49.00%,±1.1,"137,814","±1,416",51.30%,±0.4,"21,542",±196,48.20%,±0.3,"291,664","±1,385",50.90%,±0.2,"77,623","±1,001",51.80%,±0.4,"27,390",±318,49.30%,±0.4
